[{"model": "contenttypes.contenttype", "pk": 1, "fields": {"app_label": "admin", "model": "logentry"}}, {"model": "contenttypes.contenttype", "pk": 2, "fields": {"app_label": "auth", "model": "user"}}, {"model": "contenttypes.contenttype", "pk": 3, "fields": {"app_label": "auth", "model": "group"}}, {"model": "contenttypes.contenttype", "pk": 4, "fields": {"app_label": "auth", "model": "permission"}}, {"model": "contenttypes.contenttype", "pk": 5, "fields": {"app_label": "contenttypes", "model": "contenttype"}}, {"model": "contenttypes.contenttype", "pk": 6, "fields": {"app_label": "sessions", "model": "session"}}, {"model": "contenttypes.contenttype", "pk": 7, "fields": {"app_label": "news", "model": "news"}}, {"model": "contenttypes.contenttype", "pk": 8, "fields": {"app_label": "hostels", "model": "hostel"}}, {"model": "contenttypes.contenttype", "pk": 9, "fields": {"app_label": "home", "model": "service"}}, {"model": "contenttypes.contenttype", "pk": 10, "fields": {"app_label": "home", "model": "aboutus"}}, {"model": "contenttypes.contenttype", "pk": 11, "fields": {"app_label": "feedbacks", "model": "feedback"}}, {"model": "contenttypes.contenttype", "pk": 12, "fields": {"app_label": "home", "model": "footer"}}, {"model": "contenttypes.contenttype", "pk": 13, "fields": {"app_label": "hostels", "model": "service"}}, {"model": "contenttypes.contenttype", "pk": 14, "fields": {"app_label": "hostels", "model": "price"}}, {"model": "contenttypes.contenttype", "pk": 15, "fields": {"app_label": "hostels", "model": "photo"}}, {"model": "contenttypes.contenttype", "pk": 16, "fields": {"app_label": "booking", "model": "booking"}}, {"model": "contenttypes.contenttype", "pk": 17, "fields": {"app_label": "djangoseo", "model": "mymetadatapath"}}, {"model": "contenttypes.contenttype", "pk": 18, "fields": {"app_label": "djangoseo", "model": "mymetadatamodelinstance"}}, {"model": "contenttypes.contenttype", "pk": 19, "fields": {"app_label": "djangoseo", "model": "mymetadatamodel"}}, {"model": "contenttypes.contenttype", "pk": 20, "fields": {"app_label": "djangoseo", "model": "mymetadataview"}}, {"model": "contenttypes.contenttype", "pk": 21, "fields": {"app_label": "sites", "model": "site"}}, {"model": "contenttypes.contenttype", "pk": 22, "fields": {"app_label": "hostels", "model": "hostel1"}}, {"model": "sessions.session", "pk": "1kmjgh1rrtr0ymrstfunmf86j37gupci", "fields": {"session_data": "Yzg0YTg0NzQzMDJjN2E1MDdlNDcxZjIwMmUwMjMzNGViMDMxYjQxZjp7Il9hdXRoX3VzZXJfYmFja2VuZCI6ImRqYW5nby5jb250cmliLmF1dGguYmFja2VuZHMuTW9kZWxCYWNrZW5kIiwiX2F1dGhfdXNlcl9pZCI6IjEiLCJfYXV0aF91c2VyX2hhc2giOiJkZWViMGJhNTE3OGFmZTM4ZjBmOGM1MmRiM2RmNjQzMjM4NTljYzAwIn0=", "expire_date": "2017-07-14T11:33:10.049Z"}}, {"model": "sessions.session", "pk": "1mxyw9ooi6rfwazrnrqv5uxn34pegchs", "fields": {"session_data": "OGZhNzk4MzE3ZTBlYTkzOWYyYWY1NzljYjMxNDJjNzdhYWIyM2RlMDp7Il9hdXRoX3VzZXJfaGFzaCI6ImRlZWIwYmE1MTc4YWZlMzhmMGY4YzUyZGIzZGY2NDMyMzg1OWNjMDAiLCJfYXV0aF91c2VyX2JhY2tlbmQiOiJkamFuZ28uY29udHJpYi5hdXRoLmJhY2tlbmRzLk1vZGVsQmFja2VuZCIsIl9hdXRoX3VzZXJfaWQiOiIxIn0=", "expire_date": "2017-06-30T08:12:35.329Z"}}, {"model": "sessions.session", "pk": "85txiu97cqnw786e4gd5ox9o2lajuwph", "fields": {"session_data": "NjViODcwMmU2NjZmOWNhOTc1ZmQ1NjgxNGI0NzBjYzNiNTdiYTFjNDp7Il9hdXRoX3VzZXJfaWQiOiIyIiwiX2F1dGhfdXNlcl9oYXNoIjoiZGI1NTZjMDZmZWUxNzFiODAxZTliZGU1OGMxMGY4Y2UwMTkwZWQyMSIsIl9hdXRoX3VzZXJfYmFja2VuZCI6ImRqYW5nby5jb250cmliLmF1dGguYmFja2VuZHMuTW9kZWxCYWNrZW5kIn0=", "expire_date": "2017-07-13T08:12:03.877Z"}}, {"model": "sessions.session", "pk": "cb662f3iqz1vv4fsdbcemyv1z910n5og", "fields": {"session_data": "YzE2ZTc4NDQwMjk3NzdiZjUyOWM3NmI1ZDcwMTlkN2FiNDAzNjNlNTp7Il9hdXRoX3VzZXJfYmFja2VuZCI6ImRqYW5nby5jb250cmliLmF1dGguYmFja2VuZHMuTW9kZWxCYWNrZW5kIiwiX2F1dGhfdXNlcl9oYXNoIjoiZGVlYjBiYTUxNzhhZmUzOGYwZjhjNTJkYjNkZjY0MzIzODU5Y2MwMCIsIl9hdXRoX3VzZXJfaWQiOiIxIn0=", "expire_date": "2017-07-04T17:41:34.955Z"}}, {"model": "sites.site", "pk": 1, "fields": {"domain": "hostels-yulia.kiev.ua", "name": "hostels-yulia.kiev.ua"}}, {"model": "home.service", "pk": 1, "fields": {"title": "\u0414\u043e\u0441\u0442\u0443\u043f\u043d\u044b\u0435 \u0446\u0435\u043d\u044b", "icon": "fa fa-check-square-o", "description": "\u041a\u043e\u0439\u043a\u043e-\u043c\u0435\u0441\u0442\u043e \u043c\u043e\u0436\u043d\u043e \u0441\u043d\u044f\u0442\u044c \u0432\u0441\u0435\u0433\u043e \u043e\u0442 70 \u0433\u0440\u043d/\u0441\u0443\u0442\u043a\u0438", "is_published": true, "created_at": "2017-06-20T18:37:43.883Z", "updated_at": "2017-06-20T18:37:43.883Z"}}, {"model": "home.service", "pk": 2, "fields": {"title": "\u041a\u043e\u043c\u0444\u043e\u0440\u0442\u043d\u044b\u0435 \u0443\u0441\u043b\u043e\u0432\u0438\u044f", "icon": "fa fa-thumbs-up", "description": "\u041a\u0430\u0436\u0434\u044b\u0439 \u043d\u0430\u0448 \u0445\u043e\u0441\u0442\u0435\u043b \u043f\u0440\u0435\u0434\u043e\u0441\u0442\u0430\u0432\u043b\u044f\u0435\u0442 \u0432\u0441\u0451 \u043d\u0435\u043e\u0431\u0445\u043e\u0434\u0438\u043c\u043e\u0435 \u0434\u043b\u044f \u043f\u043e\u043b\u043d\u043e\u0446\u0435\u043d\u043d\u043e\u0433\u043e \u043e\u0442\u0434\u044b\u0445\u0430.", "is_published": true, "created_at": "2017-06-20T18:38:02.787Z", "updated_at": "2017-06-20T18:38:02.787Z"}}, {"model": "home.service", "pk": 3, "fields": {"title": "\u0423\u0434\u043e\u0431\u043d\u043e\u0435 \u043c\u0435\u0441\u0442\u043e\u0440\u0430\u0441\u043f\u043e\u043b\u043e\u0436\u0435\u043d\u0438\u0435", "icon": "icon-paper-plane", "description": "\u0412\u0441\u0435 \u043d\u0430\u0448\u0438 \u0445\u043e\u0441\u0442\u0435\u043b\u044b \u043d\u0430\u0445\u043e\u0434\u044f\u0442\u0441\u044f \u0440\u044f\u0434\u043e\u043c \u0441\u043e \u0441\u0442\u0430\u043d\u0446\u0438\u044f\u043c\u0438 \u043c\u0435\u0442\u0440\u043e.", "is_published": true, "created_at": "2017-06-20T18:38:28.999Z", "updated_at": "2017-06-20T18:38:28.999Z"}}, {"model": "home.aboutus", "pk": 1, "fields": {"title": "\u041e \u043d\u0430\u0441", "image": "about/about.jpg", "head_text": "\u041c\u044b - \u0441\u0435\u0442\u044c \u0443\u0434\u043e\u0431\u043d\u044b\u0445 \u0438 \u0442\u0438\u0445\u0438\u0445 \u0445\u043e\u0441\u0442\u0435\u043b\u043e\u0432, \u043f\u0440\u0438\u0437\u0432\u0430\u043d\u043d\u044b\u0445 \u043f\u043e\u043c\u0435\u043d\u044f\u0442\u044c \u043e\u0442\u043d\u043e\u0448\u0435\u043d\u0438\u0435 \u0443\u043a\u0440\u0430\u0438\u043d\u0446\u0435\u0432 \u043a \u044d\u0442\u043e\u043c\u0443 \u0432\u0438\u0434\u0443 \u043f\u0440\u043e\u0436\u0438\u0432\u0430\u043d\u0438\u044f", "text": "<p>\u0418\u0449\u0435\u0442\u0435 \u043d\u0435\u0434\u043e\u0440\u043e\u0433\u043e\u0435 \u0436\u0438\u043b\u044c\u0451 \u0432 \u041a\u0438\u0435\u0432\u0435? \u0412\u044b \u043e\u0431\u0440\u0430\u0442\u0438\u043b\u0438\u0441\u044c \u043f\u043e \u0430\u0434\u0440\u0435\u0441\u0443!<br />\r\n\u041d\u0430\u0448\u0430 \u0441\u0435\u0442\u044c \u0445\u043e\u0441\u0442\u0435\u043b\u043e\u0432 \u043f\u0440\u0435\u0434\u043b\u0430\u0433\u0430\u0435\u0442 \u0445\u043e\u0441\u0442\u0435\u043b \u0432 \u041a\u0438\u0435\u0432\u0435 \u043d\u0435\u0434\u043e\u0440\u043e\u0433\u043e \u0438 \u043d\u0430 \u0432\u044b\u0431\u043e\u0440 \u0432 \u0440\u0430\u0437\u043d\u044b\u0445 \u0440\u0430\u0439\u043e\u043d\u0430\u0445 \u0433\u043e\u0440\u043e\u0434\u0430. \u0412\u0441\u0435 \u0445\u043e\u0441\u0442\u0435\u043b\u044b \u043d\u0430\u0448\u0435\u0439 \u0441\u0435\u0442\u0438 \u0438\u043c\u0435\u044e\u0442 \u0443\u0434\u043e\u0431\u043d\u0443\u044e \u043b\u043e\u043a\u0430\u0446\u0438\u044e, \u0432\u0431\u043b\u0438\u0437\u0438 \u0441\u0442\u0430\u043d\u0446\u0438\u0439 \u043c\u0435\u0442\u0440\u043e \u0438 \u0432 \u043e\u043a\u0440\u0443\u0436\u0435\u043d\u0438\u0438 \u0432\u0441\u0435\u0445 \u043e\u0431\u044a\u0435\u043a\u0442\u043e\u0432 \u0438\u043d\u0444\u0440\u0430\u0441\u0442\u0440\u0443\u043a\u0442\u0443\u0440\u044b, \u0432\u0430\u0436\u043d\u044b\u0445 \u0434\u043b\u044f \u0436\u0438\u0437\u043d\u0438 \u0447\u0435\u043b\u043e\u0432\u0435\u043a\u0430 \u0432 \u0441\u0442\u043e\u043b\u0438\u0446\u0435.<br />\r\n\u0412\u044b \u043c\u043e\u0436\u0435\u0442\u0435 \u0430\u0440\u0435\u043d\u0434\u043e\u0432\u0430\u0442\u044c \u043a\u043e\u0439\u043a\u043e-\u043c\u0435\u0441\u0442\u043e \u0432 \u0445\u043e\u0441\u0442\u0435\u043b\u0435 \u043d\u0430 \u043d\u0435\u043e\u0431\u0445\u043e\u0434\u0438\u043c\u044b\u0439 \u0412\u0430\u043c \u0441\u0440\u043e\u043a &ndash; \u043e\u0442 \u043e\u0434\u043d\u043e\u0433\u043e \u0434\u043d\u044f \u0434\u043e \u043d\u0435\u0441\u043a\u043e\u043b\u044c\u043a\u0438\u0445 \u043c\u0435\u0441\u044f\u0446\u0435\u0432. \u041c\u044b \u043e\u0431\u0435\u0441\u043f\u0435\u0447\u0438\u0432\u0430\u0435\u043c \u0432\u0441\u0435\u0445 \u043f\u0440\u043e\u0436\u0438\u0432\u0430\u044e\u0449\u0438\u0445 \u0431\u0430\u0437\u043e\u0432\u044b\u043c \u043d\u0430\u0431\u043e\u0440\u043e\u043c \u0443\u0434\u043e\u0431\u0441\u0442\u0432:</p>\r\n\r\n<ul>\r\n\t<li>\u0421\u043e\u0432\u0440\u0435\u043c\u0435\u043d\u043d\u0430\u044f \u043c\u0435\u0431\u0435\u043b\u044c \u0432 \u0437\u043e\u043d\u0430\u0445 \u0441\u043d\u0430, \u043d\u0430 \u043a\u0443\u0445\u043d\u0435 \u0438 \u0432 \u0433\u043e\u0441\u0442\u0438\u043d\u043e\u0439;</li>\r\n\t<li>\u0421\u0430\u043d\u0442\u0435\u0445\u043d\u0438\u043a\u0430 \u0432 \u0440\u0430\u0431\u043e\u0447\u0435\u043c \u0441\u043e\u0441\u0442\u043e\u044f\u043d\u0438\u0438 \u0438 \u043f\u043e\u0441\u0442\u043e\u044f\u043d\u0441\u0442\u0432\u043e \u043d\u0430\u043b\u0438\u0447\u0438\u044f \u0433\u043e\u0440\u044f\u0447\u0435\u0439 \u0438 \u0445\u043e\u043b\u043e\u0434\u043d\u043e\u0439 \u0432\u043e\u0434\u044b;</li>\r\n\t<li>\u041a\u043e\u043d\u0442\u0440\u043e\u043b\u044c \u0437\u0430 \u043f\u043e\u0440\u044f\u0434\u043a\u043e\u043c &ndash; \u0432 \u0445\u043e\u0441\u0442\u0435\u043b\u0430\u0445 \u043a\u0440\u0443\u0433\u043b\u043e\u0441\u0443\u0442\u043e\u0447\u043d\u043e \u043f\u0440\u0438\u0441\u0443\u0442\u0441\u0442\u0432\u0443\u044e\u0442 \u0430\u0434\u043c\u0438\u043d\u0438\u0441\u0442\u0440\u0430\u0442\u043e\u0440\u044b, \u0441\u043b\u0435\u0434\u044f\u0449\u0438\u0435 \u0437\u0430 \u0432\u044b\u043f\u043e\u043b\u043d\u0435\u043d\u0438\u0435\u043c \u0443\u0441\u043b\u043e\u0432\u0438\u0439 \u043f\u0440\u043e\u0436\u0438\u0432\u0430\u043d\u0438\u044f \u043a\u0430\u0436\u0434\u044b\u0439 \u0433\u043e\u0441\u0442\u0435\u043c.</li>\r\n</ul>\r\n\r\n<p>\u0412 \u043d\u0430\u0448\u0438\u0445 \u0445\u043e\u0441\u0442\u0435\u043b\u0430\u0445 \u0441\u043e\u0447\u0435\u0442\u0430\u044e\u0442\u0441\u044f \u0443\u044e\u0442 \u0438 \u0441\u0442\u043e\u0438\u043c\u043e\u0441\u0442\u044c: \u043a\u0430\u0436\u0434\u044b\u0439 \u0433\u043e\u0441\u0442\u044c \u043f\u043e\u043b\u0443\u0447\u0430\u0435\u0442 \u043a\u043e\u0439\u043a\u043e-\u043c\u0435\u0441\u0442\u043e \u0432 \u0445\u043e\u0441\u0442\u0435\u043b\u0435 \u043d\u0435\u0434\u043e\u0440\u043e\u0433\u043e, \u0441 \u043f\u0440\u0438\u044f\u0442\u043d\u044b\u043c\u0438 \u0443\u0441\u043b\u043e\u0432\u0438\u044f\u043c\u0438 \u0434\u043b\u044f \u043e\u0442\u0434\u044b\u0445\u0430 \u0438 \u0436\u0438\u0437\u043d\u0438. \u0425\u043e\u0441\u0442\u0435\u043b \u043e\u0431\u044f\u0437\u0430\u0442\u0435\u043b\u044c\u043d\u043e \u043e\u0431\u043e\u0440\u0443\u0434\u043e\u0432\u0430\u043d \u0432\u0441\u0435\u043c \u0442\u0435\u043c, \u0447\u0442\u043e \u043f\u043e\u0442\u0440\u0435\u0431\u0443\u0435\u0442\u0441\u044f \u0432 \u043f\u0440\u043e\u0446\u0435\u0441\u0441\u0435 \u0440\u0435\u0448\u0435\u043d\u0438\u044f \u0431\u044b\u0442\u043e\u0432\u044b\u0445 \u0432\u043e\u043f\u0440\u043e\u0441\u043e\u0432: \u0445\u043e\u043b\u043e\u0434\u0438\u043b\u044c\u043d\u0438\u043a, \u0443\u0442\u044e\u0433, \u0441\u0442\u0438\u0440\u0430\u043b\u044c\u043d\u0430\u044f \u043c\u0430\u0448\u0438\u043d\u0430, \u0433\u043b\u0430\u0434\u0438\u043b\u044c\u043d\u0430\u044f \u0434\u043e\u0441\u043a\u0430, \u043f\u043b\u0438\u0442\u0430 \u0438 \u0447\u0430\u0439\u043d\u0438\u043a. \u041c\u044b \u043f\u0440\u0435\u0434\u043e\u0441\u0442\u0430\u0432\u043b\u044f\u0435\u043c \u0433\u0430\u0440\u0430\u043d\u0442\u0438\u0440\u043e\u0432\u0430\u043d\u043d\u043e \u043a\u043e\u043c\u0444\u043e\u0440\u0442\u043d\u044b\u0435 \u0443\u0441\u043b\u043e\u0432\u0438\u044f.</p>"}}, {"model": "home.footer", "pk": 1, "fields": {"short_text": "<p>\u041c\u044b \u044f\u0432\u043b\u044f\u0435\u043c\u0441\u044f \u0441\u0435\u0442\u044c\u044e \u0445\u043e\u0441\u0442\u0435\u043b\u043e\u0432 \u0441 \u0434\u0435\u0448\u0435\u0432\u044b\u043c\u0438 \u0446\u0435\u043d\u0430\u043c\u0438, \u043a\u043e\u043c\u0444\u043e\u0440\u0442\u043d\u044b\u043c\u0438 \u0443\u0441\u043b\u043e\u0432\u0438\u044f\u043c\u0438 \u0438 \u0443\u0434\u043e\u0431\u043d\u044b\u043c \u043c\u0435\u0441\u0442\u043e\u0440\u0430\u0441\u043f\u043e\u043b\u043e\u0436\u0435\u043d\u0438\u0435\u043c</p>", "telephones": "<p>+38 (050) 149 43 47<br />\r\n+38 (097) 857 77 46<br />\r\n+38 (063) 029 16 63<br />\r\nEmail: <a href=\"mailto:hostel-yulia@gmail.com\">hostel-yulia@gmail.com</a></p>"}}, {"model": "news.news", "pk": 1, "fields": {"title": "\u0414\u043e\u0431\u0440\u043e \u043f\u043e\u0436\u0430\u043b\u043e\u0432\u0430\u0442\u044c \u043d\u0430 \u043d\u0430\u0448 \u0441\u0430\u0439\u0442", "short_text": "<p>\u041a\u043e\u0440\u043e\u0442\u043a\u0438\u0439 \u0442\u0435\u043a\u0441\u0442 \u0442\u0435\u0441\u0442\u043e\u0432\u043e\u0439 \u043d\u043e\u0432\u043e\u0441\u0442\u0438</p>", "full_text": "<p>\u041f\u043e\u043b\u043d\u044b\u0439 \u0442\u0435\u043a\u0441\u0442 \u0442\u0435\u0441\u0442\u043e\u0432\u043e\u0439 \u043d\u043e\u0432\u043e\u0441\u0442\u0438</p>", "image": "news/H1lU5GiPGAo.jpg", "is_published": true, "created_at": "2017-06-20T08:55:06.698Z", "updated_at": "2017-07-03T11:48:22.426Z"}}, {"model": "news.news", "pk": 2, "fields": {"title": "\u0422\u0435\u0441\u0442\u043e\u0432\u0430\u044f \u043d\u043e\u0432\u043e\u0441\u0442\u044c 2", "short_text": "<p>\u0422\u0435\u0441\u0442\u043e\u0432\u0430\u044f \u043d\u043e\u0432\u043e\u0441\u0442\u044c 2</p>", "full_text": "<p>\u0422\u0435\u0441\u0442\u043e\u0432\u0430\u044f \u043d\u043e\u0432\u043e\u0441\u0442\u044c 2</p>", "image": "", "is_published": true, "created_at": "2017-06-20T12:13:56.033Z", "updated_at": "2017-06-20T12:45:35.445Z"}}, {"model": "hostels.service", "pk": 1, "fields": {"title": "\u041d\u043e\u043c\u0435\u0440\u0430 \u043e\u0442 2 \u0447\u0435\u043b\u043e\u0432\u0435\u043a", "icon": "fa fa-users", "description": "\u0423\u044e\u0442\u043d\u044b\u0435 \u043d\u043e\u043c\u0435\u0440\u0430 \u043e\u0442 2 \u0447\u0435\u043b\u043e\u0432\u0435\u043a", "created_at": "2017-06-23T06:53:52.874Z", "updated_at": "2017-07-03T07:52:31.316Z"}}, {"model": "hostels.service", "pk": 2, "fields": {"title": "\u0421\u0442\u0438\u0440\u0430\u043b\u044c\u043d\u0430\u044f \u043c\u0430\u0448\u0438\u043d\u0430", "icon": "fa fa-square-o", "description": "\u0412\u0430\u0448\u0430 \u043e\u0434\u0435\u0436\u0434\u0430 \u0432\u0441\u0435\u0433\u0434\u0430 \u0431\u0443\u0434\u0435\u0442 \u0447\u0438\u0441\u0442\u043e\u0439", "created_at": "2017-06-23T07:01:13.881Z", "updated_at": "2017-06-23T07:01:13.881Z"}}, {"model": "hostels.service", "pk": 3, "fields": {"title": "\u0422\u0435\u043b\u0435\u0432\u0438\u0437\u043e\u0440", "icon": "fa fa-television", "description": "\u0412 \u043d\u043e\u043c\u0430\u0440\u0430\u0445 \u0438\u043c\u0435\u044e\u0442\u0441\u044f \u0442\u0435\u043b\u0435\u0432\u0438\u0437\u043e\u0440\u044b", "created_at": "2017-06-23T07:02:07.847Z", "updated_at": "2017-06-23T07:02:07.847Z"}}, {"model": "hostels.service", "pk": 4, "fields": {"title": "\u0425\u043e\u043b\u043e\u0434\u0438\u043b\u044c\u043d\u0438\u043a", "icon": "fa fa-square", "description": "\u0412\u0430\u0448\u0438 \u043f\u0440\u043e\u0434\u0443\u043a\u0442\u044b \u0434\u043e\u043b\u044c\u0448\u0435 \u043e\u0441\u0442\u0430\u043d\u0443\u0442\u044c\u0441\u044f \u0441\u0432\u0435\u0436\u0438\u043c\u0438", "created_at": "2017-06-23T07:43:27.835Z", "updated_at": "2017-06-23T07:43:27.835Z"}}, {"model": "hostels.service", "pk": 5, "fields": {"title": "\u0413\u043e\u0440\u044f\u0447\u0430\u044f \u0432\u043e\u0434\u0430", "icon": "fa fa-bath", "description": "\u0413\u043e\u0440\u044f\u0447\u0430\u044f \u0432\u043e\u0434\u0430 \u0434\u043e\u0441\u0442\u0443\u043f\u043d\u0430 24 \u0447. \u0432 \u0441\u0443\u0442\u043a\u0438", "created_at": "2017-06-23T07:45:12.378Z", "updated_at": "2017-06-23T07:45:12.378Z"}}, {"model": "hostels.service", "pk": 6, "fields": {"title": "\u0423\u0434\u043e\u0431\u043d\u043e\u0435 \u0440\u0430\u0441\u043f\u043e\u043b\u043e\u0436\u0435\u043d\u0438\u0435", "icon": "fa fa-map-marker", "description": "\u0420\u044f\u0434\u043e\u043c \u043d\u0430\u0445\u043e\u0434\u044f\u0442\u0441\u044f \u043c\u043d\u043e\u0433\u043e \u043c\u0430\u0433\u0430\u0437\u0438\u043d\u043e\u0432, \u0430 \u0442\u0430\u043a\u0436\u0435 \u043c\u0435\u0442\u0440\u043e", "created_at": "2017-06-23T07:46:36.069Z", "updated_at": "2017-06-23T07:46:36.069Z"}}, {"model": "hostels.service", "pk": 8, "fields": {"title": "\u041d\u043e\u043c\u0435\u0440\u0430 \u043e\u0442 4-\u0445 \u0447\u0435\u043b\u043e\u0432\u0435\u043a", "icon": "fa fa-users", "description": "\u0423\u044e\u0442\u043d\u044b\u0435 \u043d\u043e\u043c\u0435\u0440\u0430 \u043e\u0442 4-\u0445 \u0447\u0435\u043b\u043e\u0432\u0435\u043a", "created_at": "2017-07-03T07:52:50.344Z", "updated_at": "2017-07-03T07:53:09.555Z"}}, {"model": "hostels.service", "pk": 9, "fields": {"title": "\u042d\u043b\u0435\u043a\u0442\u0440\u043e\u043f\u043b\u0438\u0442\u0430", "icon": "fa fa-square", "description": "\u041a \u0432\u0430\u0448\u0438\u043c \u0443\u0441\u043b\u0443\u0433\u0430\u043c \u044d\u043b\u0435\u043a\u0442\u0440\u043e\u043f\u043b\u0438\u0442\u0430", "created_at": "2017-07-03T08:01:25.687Z", "updated_at": "2017-07-03T08:01:25.687Z"}}, {"model": "hostels.service", "pk": 10, "fields": {"title": "\u0418\u043d\u0442\u0435\u0440\u043d\u0435\u0442 (Wi-Fi)", "icon": "fa fa-wifi", "description": "\u0412\u044b\u0441\u043e\u043a\u043e\u0441\u043a\u043e\u0440\u043e\u0441\u0442\u043d\u043e\u0439 \u0438\u043d\u0442\u0435\u0440\u043d\u0435\u0442", "created_at": "2017-07-03T09:52:52.285Z", "updated_at": "2017-07-03T09:52:52.285Z"}}, {"model": "hostels.service", "pk": 11, "fields": {"title": "\u042d\u043b\u0435\u043a\u0442\u0440\u043e\u0447\u0430\u0439\u043d\u0438\u043a", "icon": "fa fa-square", "description": "\u0412\u044b \u0432\u0441\u0435\u0433\u0434\u0430 \u0441\u043c\u043e\u0436\u0435\u0442\u0435 \u043f\u0440\u0438\u0433\u043e\u0442\u043e\u0432\u0438\u0442\u044c \u0441\u0435\u0431\u0435 \u0447\u0430\u0439 \u0438\u043b\u0438 \u043a\u043e\u0444\u0435", "created_at": "2017-07-03T09:55:29.713Z", "updated_at": "2017-07-03T09:55:29.713Z"}}, {"model": "hostels.hostel", "pk": 1, "fields": {"slug": "hotkevicha", "title": "\u0425\u043e\u0442\u043a\u0435\u0432\u0438\u0447\u0430, 13", "short_description": "<p>\u0425\u043e\u0441\u0442\u0435\u043b \u043d\u0430\u0445\u043e\u0434\u0438\u0442\u0441\u044f \u0432 10 \u043c\u0438\u043d\u0443\u0442 \u043e\u0442 \u043c\u0435\u0442\u0440\u043e \u0427\u0435\u0440\u043d\u0438\u0433\u043e\u0432\u0441\u043a\u0430\u044f. \u041d\u043e\u043c\u0435\u0440\u0430 \u043e\u0442 2-\u0445 \u0447\u0435\u043b\u043e\u0432\u0435\u043a.<br />\r\n\u0425\u043e\u0440\u043e\u0448\u0438\u0435 \u0443\u0441\u043b\u043e\u0432\u0438\u044f \u043f\u0440\u043e\u0436\u0438\u0432\u0430\u043d\u0438\u044f: \u0441\u0442\u0438\u0440\u0430\u043b\u044c\u043d\u0430\u044f \u043c\u0430\u0448\u0438\u043d\u0430, \u0442\u0435\u043b\u0435\u0432\u0438\u0437\u043e\u0440, \u0433\u043e\u0440\u044f\u0447\u0430\u044f \u0432\u043e\u0434\u0430.<br />\r\n\u041e\u0442 70 \u0433\u0440\u043d/\u0441\u0443\u0442\u043a\u0438.</p>", "full_description": "<p>\u0423\u044e\u0442\u043d\u044b\u0435 \u043a\u043e\u0439\u043a\u043e-\u043c\u0435\u0441\u0442\u0430 \u0431\u0435\u0437 \u043a\u043e\u043c\u0438\u0441\u0441\u0438\u0438 \u0438 \u0437\u0430\u043b\u043e\u0433\u043e\u0432 \u043f\u043e \u0446\u0435\u043d\u0435 70 \u0433\u0440\u043d/\u0441\u0443\u0442\u043a\u0438, 270 \u0433\u0440\u043d/\u043d\u0435\u0434\u0435\u043b\u044f, 900 \u0433\u0440\u043d/\u043c\u0435\u0441\u044f\u0446. \u041e\u0442\u0434\u0435\u043b\u044c\u043d\u043e \u0441\u0442\u043e\u044f\u0449\u0435\u0435 \u0434\u0432\u0443\u0445\u044d\u0442\u0430\u0436\u043d\u043e\u0435 \u0437\u0434\u0430\u043d\u0438\u0435. \u0425\u043e\u0440\u043e\u0448\u0438\u0435 \u0443\u0441\u043b\u043e\u0432\u0438\u044f \u043f\u0440\u043e\u0436\u0438\u0432\u0430\u043d\u0438\u044f. \u041d\u043e\u043c\u0435\u0440\u0430 \u043e\u0442 2-\u0445 \u0447\u0435\u043b\u043e\u0432\u0435\u043a. \u0412 \u0445\u043e\u0441\u0442\u0435\u043b\u0435 \u0435\u0441\u0442\u044c \u0441\u0442\u0438\u0440\u0430\u043b\u044c\u043d\u0430\u044f \u043c\u0430\u0448\u0438\u043d\u0430, \u0442\u0435\u043b\u0435\u0432\u0438\u0437\u043e\u0440, \u0445\u043e\u043b\u043e\u0434\u0438\u043b\u044c\u043d\u0438\u043a, \u0433\u043e\u0440\u044f\u0447\u0430\u044f \u0432\u043e\u0434\u0430. \u0412 10 \u043c\u0438\u043d\u0443\u0442\u0430\u0445 \u0445\u043e\u0434\u044c\u0431\u044b \u043d\u0430\u0445\u043e\u0434\u0438\u0442\u0441\u044f \u0441\u0442\u0430\u043d\u0446\u0438\u044f \u043c\u0435\u0442\u0440\u043e \u0427\u0435\u0440\u043d\u0438\u0433\u043e\u0432\u0441\u043a\u0430\u044f, \u0430 \u0432 3 \u043c\u0438\u043d\u0443\u0442\u0430\u0445 - \u0442\u0440\u0430\u043c\u0432\u0430\u0438 \u211633, \u211622, \u211623. \u0420\u044f\u0434\u043e\u043c \u041b\u0435\u043d\u0438\u043d\u0433\u0440\u0430\u0434\u0441\u043a\u0430\u044f \u043f\u043b\u043e\u0449\u0430\u0434\u044c. \u0422\u0430\u043a\u0436\u0435 \u043d\u0435\u043f\u043e\u0434\u0430\u043b\u0451\u043a\u0443 \u043e\u0442 \u0445\u043e\u0441\u0442\u0435\u043b\u0430 \u0440\u0430\u0441\u043f\u043e\u043b\u0430\u0433\u0430\u0435\u0442\u0441\u044f \u043c\u043d\u043e\u0436\u0435\u0441\u0442\u0432\u043e \u043f\u0440\u043e\u0434\u0443\u043a\u0442\u043e\u0432\u044b\u0445 \u043c\u0430\u0433\u0430\u0437\u0438\u043d\u043e\u0432, \u0432 \u0442.\u0447. &quot;\u0421\u0438\u043b\u044c\u043f\u043e&quot;, &quot;\u041d\u043e\u0432\u0443\u0441&quot;, &quot;\u0410\u0448\u0430\u043d&quot;, &quot;\u041f\u0440\u043e\u0441\u043f\u0435\u043a\u0442&quot;. \u0425\u043e\u0441\u0442\u0435\u043b \u043d\u0430\u0445\u043e\u0434\u0438\u0442\u0441\u044f \u043f\u043e \u0430\u0434\u0440\u0435\u0441\u0443 <strong>\u0443\u043b. \u0425\u043e\u0442\u043a\u0435\u0432\u0438\u0447\u0430, 13</strong>.</p>\r\n\r\n<p><strong>\u0412\u043d\u0438\u043c\u0430\u043d\u0438\u0435: </strong>\u043f\u0440\u0438 \u043f\u043e\u0441\u0435\u043b\u0435\u043d\u0438\u0438 \u043d\u0435\u043e\u0431\u0445\u043e\u0434\u0438\u043c\u043e \u0438\u043c\u0435\u0442\u044c \u043f\u0440\u0438 \u0441\u0435\u0431\u0435 \u043a\u0441\u0435\u0440\u043e\u043a\u043e\u043f\u0438\u044e \u043f\u0430\u0441\u043f\u043e\u0440\u0442\u0430.</p>", "image": "hostels/hotkevicha.jpg", "code_google_maps": "<iframe src=\"https://www.google.com/maps/embed?pb=!1m18!1m12!1m3!1d2540.501578801696!2d30.634911815874048!3d50.4503838952506!2m3!1f0!2f0!3f0!3m2!1i1024!2i768!4f13.1!3m3!1m2!1s0x40d4c5527554c1e3%3A0x84ea044f36554370!2z0LLRg9C70LjRhtGPINCT0L3QsNGC0LAg0KXQvtGC0LrQtdCy0LjRh9CwLCAxMywg0JrQuNGX0LI!5e0!3m2!1sru!2sua!4v1498459905706\" width=\"100%\" height=\"600\" frameborder=\"0\" style=\"border:0\" allowfullscreen></iframe>", "address": "<p>\u0443\u043b\u0438\u0446\u0430 \u0425\u043e\u0442\u043a\u0435\u0432\u0438\u0447\u0430, 13</p>\r\n\r\n<p>+38 (050) 149 43 47<br />\r\n+38 (097) 857 77 46<br />\r\n+38 (063) 029 16 63<br />\r\nEmail: <a href=\"mailto:hostel-yulia@gmail.com\">hostel-yulia@gmail.com</a></p>", "is_published": true, "created_at": "2017-06-20T17:51:45.438Z", "updated_at": "2017-07-03T09:47:34.763Z", "services": [1, 2, 3, 4, 5, 6]}}, {"model": "hostels.hostel", "pk": 2, "fields": {"slug": "magnitogorskaya", "title": "\u041c\u0430\u0433\u043d\u0438\u0442\u043e\u0433\u043e\u0440\u0441\u043a\u0430\u044f, 1", "short_description": "<p>\u0425\u043e\u0441\u0442\u0435\u043b \u043d\u0430\u0445\u043e\u0434\u0438\u0442\u0441\u044f \u0432 10 \u043c\u0438\u043d\u0443\u0442 \u043e\u0442 \u043c\u0435\u0442\u0440\u043e \u041b\u0435\u0441\u043d\u0430\u044f. \u041d\u043e\u043c\u0435\u0440\u0430 \u043e\u0442 4-\u0445 \u0447\u0435\u043b\u043e\u0432\u0435\u043a.<br />\r\n\u042d\u043b\u0435\u043a\u0442\u0440\u043e\u043f\u043b\u0438\u0442\u0430, \u0433\u043e\u0440\u044f\u0447\u0430\u044f \u0432\u043e\u0434\u0430, \u0442\u0435\u043b\u0435\u0432\u0438\u0437\u043e\u0440, \u043a\u0443\u0445\u043d\u044f, wi-fi.<br />\r\n\u041e\u0442 70 \u0433\u0440\u043d/\u0441\u0443\u0442\u043a\u0438.</p>", "full_description": "<p>\u0425\u043e\u0441\u0442\u0435\u043b \u043d\u0430\u0445\u043e\u0434\u0438\u0442\u0441\u044f \u0432 10 \u043c\u0438\u043d\u0443\u0442 \u043e\u0442 \u043c\u0435\u0442\u0440\u043e \u041b\u0435\u0441\u043d\u0430\u044f. \u0420\u044f\u0434\u043e\u043c &quot;\u0414\u0430\u0440\u044b\u043d\u043e\u043a&quot;, \u0430\u043f\u0442\u0435\u043a\u0430 \u0438 \u0434\u0440\u0443\u0433\u0438\u0435 \u043c\u0430\u0433\u0430\u0437\u0438\u043d\u044b. \u0425\u043e\u0440\u043e\u0448\u0438\u0435 \u0443\u0441\u043b\u043e\u0432\u0438\u044f \u043f\u0440\u043e\u0436\u0438\u0432\u0430\u043d\u0438\u044f: \u044d\u043b\u0435\u043a\u0442\u0440\u043e\u043f\u043b\u0438\u0442\u0430, \u0445\u043e\u043b\u043e\u0434\u0438\u043b\u044c\u043d\u0438\u043a, \u044d\u043b\u0435\u043a\u0442\u0440\u0438\u0447\u0435\u0441\u043a\u0438\u0439 \u0447\u0430\u0439\u043d\u0438\u043a, \u043c\u0438\u043a\u0440\u043e\u0432\u043e\u043b\u043d\u043e\u0432\u0430\u044f \u043f\u0435\u0447\u044c, \u0442\u0435\u043b\u0435\u0432\u0438\u0437\u043e\u0440, \u043f\u0440\u043e\u0441\u0442\u043e\u0440\u043d\u0430\u044f \u043a\u0443\u0445\u043d\u044f. \u0422\u0430\u043a\u0436\u0435 \u0435\u0441\u0442\u044c \u0438\u043d\u0442\u0435\u0440\u043d\u0435\u0442. \u041a\u043e\u043c\u043d\u0430\u0442\u044b \u043f\u0440\u043e\u0441\u0442\u043e\u0440\u043d\u044b\u0435, \u0441\u0432\u0435\u0442\u043b\u044b\u0435 (\u043e\u0442 4-\u0445 \u0447\u0435\u043b\u043e\u0432\u0435\u043a).</p>\r\n\r\n<p>\u0412 \u0445\u043e\u0441\u0442\u0435\u043b\u0435 \u0434\u0440\u0443\u0436\u043d\u0430\u044f \u0430\u0442\u043c\u043e\u0441\u0444\u0435\u0440\u0430, \u043f\u0440\u0438\u044f\u0442\u043d\u044b\u0439 \u0430\u0434\u043c\u0438\u043d\u0438\u0441\u0442\u0440\u0430\u0442\u043e\u0440 \u041d\u0430\u0442\u0430\u043b\u044c\u044f \u041d\u0438\u043a\u043e\u043b\u0430\u0435\u0432\u043d\u0430 \u043e\u0442\u043d\u043e\u0441\u0438\u0442\u0441\u044f \u043a\u043e \u0432\u0441\u0435\u043c \u0441 \u043b\u044e\u0431\u043e\u0432\u044c\u044e \u0438 \u043f\u043e\u043d\u0438\u043c\u0430\u043d\u0438\u0435\u043c. \u0417\u0432\u043e\u043d\u0438\u0442\u0435 \u0438 \u043f\u0440\u0438\u0445\u043e\u0434\u0438\u0442\u0435 \u043a \u043d\u0430\u043c!</p>\r\n\r\n<p><strong>\u0412\u043d\u0438\u043c\u0430\u043d\u0438\u0435: </strong>\u043f\u0440\u0438 \u043f\u043e\u0441\u0435\u043b\u0435\u043d\u0438\u0438 \u043d\u0435\u043e\u0431\u0445\u043e\u0434\u0438\u043c\u043e \u0438\u043c\u0435\u0442\u044c \u043f\u0440\u0438 \u0441\u0435\u0431\u0435 \u043a\u0441\u0435\u0440\u043e\u043a\u043e\u043f\u0438\u044e \u043f\u0430\u0441\u043f\u043e\u0440\u0442\u0430.</p>", "image": "hostels/magnitogorskaya.jpg", "code_google_maps": "<iframe src=\"https://www.google.com/maps/embed?pb=!1m18!1m12!1m3!1d1425.757329703543!2d30.639714138307678!3d50.45207505767654!2m3!1f0!2f0!3f0!3m2!1i1024!2i768!4f13.1!3m3!1m2!1s0x40d4c54d619ab8c7%3A0x5cc73b4f6b85174!2z0JHQpiAiRmltLUNlbnRlciIsINCy0YPQu9C40YbRjyDQnNCw0LPQvdGW0YLQvtCz0L7RgNGB0YzQutCwLCAxLCDQmtC40ZfQsiwg0JrQuNGX0LLRgdGM0LrQsCDQvtCx0LvQsNGB0YLRjA!5e0!3m2!1sru!2sua!4v1499068267194\" width=\"100%\" height=\"450\" frameborder=\"0\" style=\"border:0\" allowfullscreen></iframe>", "address": "<p>\u0433. \u041a\u0438\u0435\u0432, \u0443\u043b\u0438\u0446\u0430 \u041c\u0430\u0433\u043d\u0438\u0442\u043e\u0433\u043e\u0440\u0441\u043a\u0430\u044f, 1</p>\r\n\r\n<p>+38 (050) 149 43 47<br />\r\n+38 (097) 857 77 46<br />\r\n+38 (063) 029 16 63<br />\r\nEmail: <a href=\"mailto:hostel-yulia@gmail.com\">hostel-yulia@gmail.com</a></p>", "is_published": true, "created_at": "2017-06-20T17:55:20.655Z", "updated_at": "2017-07-03T09:47:24.781Z", "services": [3, 4, 5, 6, 8, 9]}}, {"model": "hostels.hostel", "pk": 3, "fields": {"slug": "bubnova", "title": "\u0411\u0443\u0431\u043d\u043e\u0432\u0430, 10", "short_description": "<p>\u0414\u0432\u0443\u0445\u043a\u043e\u043c\u043d\u0430\u0442\u043d\u0430\u044f \u043a\u0432\u0430\u0440\u0442\u0438\u0440\u0430, \u0441\u0434\u0435\u043b\u0430\u043d\u043d\u0430\u044f \u043f\u043e\u0434 \u0445\u043e\u0441\u0442\u0435\u043b \u0432 10 \u043c\u0438\u043d\u0443\u0442 \u043e\u0442 \u043c\u0435\u0442\u0440\u043e \u0412\u0430\u0441\u0438\u043b\u044c\u043a\u043e\u0432\u0441\u043a\u0430\u044f.<br />\r\n\u042d\u043b\u0435\u043a\u0442\u0440\u043e\u043f\u043b\u0438\u0442\u0430, \u044d\u043b\u0435\u043a\u0442\u0440\u043e\u0447\u0430\u0439\u043d\u0438\u043a, \u0433\u043e\u0440\u044f\u0447\u0430\u044f \u0432\u043e\u0434\u0430.<br />\r\n\u041e\u0442 70 \u0433\u0440\u043d/\u0441\u0443\u0442\u043a\u0438.</p>", "full_description": "<p>\u0414\u0432\u0443\u0445\u043a\u043e\u043c\u043d\u0430\u0442\u043d\u0430\u044f \u043a\u0432\u0430\u0440\u0442\u0438\u0440\u0430, \u0441\u0434\u0435\u043b\u0430\u043d\u043d\u0430\u044f \u043f\u043e\u0434 \u0445\u043e\u0441\u0442\u0435\u043b. \u041d\u0430\u0445\u043e\u0434\u0438\u0442\u0441\u044f \u0432 10 \u043c\u0438\u043d\u0443\u0442 \u043e\u0442 \u0441\u0442\u0430\u043d\u0446\u0438\u0439 \u043c\u0435\u0442\u0440\u043e \u0412\u0430\u0441\u0438\u043b\u044c\u043a\u043e\u0432\u0441\u043a\u0430\u044f \u0438 \u0413\u043e\u043b\u043e\u0441\u0435\u0435\u0432\u0441\u043a\u0430\u044f. \u0415\u0441\u0442\u044c \u0432\u0441\u0435 \u0443\u0441\u043b\u043e\u0432\u0438\u044f \u0434\u043b\u044f \u043a\u043e\u043c\u0444\u043e\u0440\u0442\u043d\u043e\u0433\u043e \u043f\u0440\u043e\u0436\u0438\u0432\u0430\u043d\u0438\u044f: \u0433\u043e\u0440\u044f\u0447\u0430\u044f \u0432\u043e\u0434\u0430, \u0438\u043d\u0442\u0435\u0440\u043d\u0435\u0442, \u044d\u043b\u0435\u043a\u0442\u0440\u043e\u043f\u043b\u0438\u0442\u0430, \u044d\u043b\u0435\u043a\u0442\u0440\u043e\u0447\u0430\u0439\u043d\u0438\u043a. \u0420\u044f\u0434\u043e\u043c \u0440\u0430\u0441\u043f\u043e\u043b\u043e\u0436\u0435\u043d\u044b \u043c\u0430\u0433\u0430\u0437\u0438\u043d\u044b: &quot;\u0412\u0435\u043b\u0438\u043a\u0430 \u043a\u0438\u0448\u0435\u043d\u044f&quot;, &quot;\u0421\u0456\u043b\u044c\u043f\u043e&quot;. \u0422\u0430\u043a\u0436\u0435 \u043d\u0435\u043f\u043e\u0434\u0430\u043b\u0451\u043a\u0443 \u0435\u0441\u0442\u044c \u043e\u0442\u0434\u0435\u043b\u0435\u043d\u0438\u0435 \u041f\u0440\u0438\u0432\u0430\u0442-\u0431\u0430\u043d\u043a\u0430, \u0433\u043e\u043b\u043e\u0441\u0435\u0435\u0432\u0441\u043a\u0438\u0439 \u043f\u0430\u0440\u043a, \u0443\u0434\u043e\u0431\u043d\u0430\u044f \u0442\u0440\u0430\u043d\u0441\u043f\u043e\u0440\u0442\u043d\u0430\u044f \u0440\u0430\u0437\u0432\u044f\u0437\u043a\u0430.</p>\r\n\r\n<p><strong>\u0412\u043d\u0438\u043c\u0430\u043d\u0438\u0435: </strong>\u043f\u0440\u0438 \u043f\u043e\u0441\u0435\u043b\u0435\u043d\u0438\u0438 \u043d\u0435\u043e\u0431\u0445\u043e\u0434\u0438\u043c\u043e \u0438\u043c\u0435\u0442\u044c \u043f\u0440\u0438 \u0441\u0435\u0431\u0435 \u043a\u0441\u0435\u0440\u043e\u043a\u043e\u043f\u0438\u044e \u043f\u0430\u0441\u043f\u043e\u0440\u0442\u0430.</p>", "image": "hostels/bubnova.jpg", "code_google_maps": "<iframe src=\"https://www.google.com/maps/embed?pb=!1m18!1m12!1m3!1d2543.534727945242!2d30.498579315872416!3d50.39387139932097!2m3!1f0!2f0!3f0!3m2!1i1024!2i768!4f13.1!3m3!1m2!1s0x40d4c8c8d2192fd7%3A0x2c9825b6a6ef3c32!2z0LLRg9C70LjRhtGPINCc0LDRgNC40YfQsNC90YHRjNC60LAsIDEwLCDQmtC40ZfQsiwg0KPQutGA0LDQuNC90LA!5e0!3m2!1sru!2sru!4v1499075867236\" width=\"100%\" height=\"450\" frameborder=\"0\" style=\"border:0\" allowfullscreen></iframe>", "address": "<p>\u0433. \u041a\u0438\u0435\u0432, \u0443\u043b\u0438\u0446\u0430 \u0411\u0443\u0431\u043d\u043e\u0432\u0430, 10</p>\r\n\r\n<p>+38 (050) 149 43 47<br />\r\n+38 (097) 857 77 46<br />\r\n+38 (063) 029 16 63<br />\r\nEmail: <a href=\"mailto:hostel-yulia@gmail.com\">hostel-yulia@gmail.com</a></p>", "is_published": true, "created_at": "2017-06-20T18:04:30.506Z", "updated_at": "2017-07-03T09:58:08.450Z", "services": [5, 6, 9, 10, 11]}}, {"model": "hostels.price", "pk": 1, "fields": {"title": "\u0421\u0443\u0442\u043a\u0438", "value": 70, "hostel": 1}}, {"model": "hostels.price", "pk": 2, "fields": {"title": "\u041d\u0435\u0434\u0435\u043b\u044f", "value": 270, "hostel": 1}}, {"model": "hostels.price", "pk": 3, "fields": {"title": "\u041c\u0435\u0441\u044f\u0446", "value": 900, "hostel": 1}}, {"model": "hostels.price", "pk": 4, "fields": {"title": "\u0421\u0443\u0442\u043a\u0438", "value": 70, "hostel": 2}}, {"model": "hostels.price", "pk": 5, "fields": {"title": "\u041d\u0435\u0434\u0435\u043b\u044f", "value": 270, "hostel": 2}}, {"model": "hostels.price", "pk": 6, "fields": {"title": "\u041c\u0435\u0441\u044f\u0446", "value": 900, "hostel": 2}}, {"model": "hostels.price", "pk": 7, "fields": {"title": "\u0421\u0443\u0442\u043a\u0438", "value": 70, "hostel": 3}}, {"model": "hostels.price", "pk": 8, "fields": {"title": "\u041d\u0435\u0434\u0435\u043b\u044f", "value": 270, "hostel": 3}}, {"model": "hostels.price", "pk": 9, "fields": {"title": "\u041c\u0435\u0441\u044f\u0446", "value": 900, "hostel": 3}}, {"model": "hostels.photo", "pk": 1, "fields": {"title": "\u0424\u043e\u0442\u043e", "image": "hostels/image-0-02-05-2aa696303c48a0b34a5fd9395528214cdde4113d507624459981801bd702766b-V.jpg", "hostel": 1}}, {"model": "hostels.photo", "pk": 2, "fields": {"title": "\u0424\u043e\u0442\u043e", "image": "hostels/image-0-02-05-703b71bea618d954f10e4764c082f4ba3c9d4ba32fdd7dab6f8761c4bd0e9fe2-V.jpg", "hostel": 1}}, {"model": "hostels.photo", "pk": 3, "fields": {"title": "\u0424\u043e\u0442\u043e", "image": "hostels/image-0-02-05-754be4ce4b1e4bf9fcd0e28e5a67d91ed279e9aef952ccc0d1c86e34e8bd81c0-V.jpg", "hostel": 1}}, {"model": "hostels.photo", "pk": 4, "fields": {"title": "\u0424\u043e\u0442\u043e", "image": "hostels/image-0-02-05-288542ea8964b44e56602f0f213c7d521b9185e89379aa53a43db54a1f2517c9-V.jpg", "hostel": 1}}, {"model": "hostels.photo", "pk": 5, "fields": {"title": "\u0424\u043e\u0442\u043e", "image": "hostels/image-0-02-05-fb2b2cb9b18b1e79d0b2fe1de201d1a246f578bde95294e21a1f1743f70a6161-V.jpg", "hostel": 1}}, {"model": "hostels.photo", "pk": 6, "fields": {"title": "\u0424\u043e\u0442\u043e", "image": "hostels/image-0-02-05-ffc640d37ff00cdaabf7905cd3dd5ee1a18dc344a6b1fe432abc5bede5fe322c-V.jpg", "hostel": 1}}, {"model": "hostels.photo", "pk": 7, "fields": {"title": "\u0424\u043e\u0442\u043e", "image": "hostels/image-0-02-04-4a84f38b1958a895fc6c81052368ff9a9d75acf1c5fa508e95cfae1473b3abd6-V.jpg", "hostel": 2}}, {"model": "hostels.photo", "pk": 8, "fields": {"title": "\u0424\u043e\u0442\u043e", "image": "hostels/image-0-02-05-0c0aa3974853c9fb023aea89bebecb27755bf10e260ffeb69bf210045a9216cf-V.jpg", "hostel": 2}}, {"model": "hostels.photo", "pk": 9, "fields": {"title": "\u0424\u043e\u0442\u043e", "image": "hostels/image-0-02-05-2d3ee29fbcf424c43ae1c734172f83b6d1eb73fe8a40fbef82bfee6078697fb6-V.jpg", "hostel": 2}}, {"model": "hostels.photo", "pk": 10, "fields": {"title": "\u0424\u043e\u0442\u043e", "image": "hostels/image-0-02-05-8dd00bafbdc5460af5c9f7d1700573b38575b8de691724e093b180b2bd77dfd3-V.jpg", "hostel": 2}}, {"model": "hostels.photo", "pk": 11, "fields": {"title": "\u0424\u043e\u0442\u043e", "image": "hostels/image-0-02-05-034d0460db9f0657820d52da6ce35870f397618e401f7e8c87bf1335dba58cdf-V.jpg", "hostel": 2}}, {"model": "hostels.photo", "pk": 12, "fields": {"title": "\u0424\u043e\u0442\u043e", "image": "hostels/image-0-02-05-64e2d16497643389a55ef05ec4fe0c7199a44c91ee74c13f8ec940c147c30f79-V.jpg", "hostel": 2}}, {"model": "hostels.photo", "pk": 13, "fields": {"title": "\u0424\u043e\u0442\u043e", "image": "hostels/image-0-02-05-d7da086fe79e7a7eb3107c42051e92b0d042f9ffbfd92698dfbf9403e95992d6-V.jpg", "hostel": 2}}, {"model": "hostels.photo", "pk": 14, "fields": {"title": "\u0424\u043e\u0442\u043e", "image": "hostels/image-0-02-05-961904dd8405106b6605f1800626e01fb550b4f62d640f3b6e436e1543f08dda-V_LkkysDx.jpg", "hostel": 3}}, {"model": "hostels.photo", "pk": 15, "fields": {"title": "\u0424\u043e\u0442\u043e", "image": "hostels/image-0-02-05-48393790cdb2e81decb277897635c24c2a725a692d187563751dcd148cfee4b4-V_llTfUmK.jpg", "hostel": 3}}, {"model": "hostels.photo", "pk": 16, "fields": {"title": "\u0424\u043e\u0442\u043e", "image": "hostels/image-0-02-05-bfa6a68f892e1d89abfdad7058b7c660807c81bee84dd4c1b784910daeacb5b4-V_nlluP72.jpg", "hostel": 3}}, {"model": "feedbacks.feedback", "pk": 1, "fields": {"client_name": "\u0418\u0440\u0438\u043d\u0430 \u0428\u0435\u043b\u0435\u0441\u0442", "position": "\u041f\u0440\u0435\u0434\u043f\u0440\u0438\u043d\u0438\u043c\u0430\u0442\u0435\u043b\u044c", "text": "\u0411\u043e\u043b\u044c\u0448\u043e\u0435 \u0441\u043f\u0430\u0441\u0438\u0431\u043e \u0445\u043e\u0441\u0442\u0435\u043b\u0443 \u0437\u0430 \u043f\u043e\u0442\u0440\u044f\u0441\u0430\u044e\u0449\u0438\u0439 \u0441\u0435\u0440\u0432\u0438\u0441! \u041c\u044b \u043f\u0440\u043e\u0432\u0435\u043b\u0438 \u0447\u0443\u0434\u0435\u0441\u043d\u044b\u0435 \u0432\u044b\u0445\u043e\u0434\u043d\u044b\u0435 \u0432 \u0433\u043e\u0440\u043e\u0434\u0435 \u0438 \u0431\u044b\u043b\u0438 \u0440\u0430\u0434\u044b \u0432\u044b\u0431\u043e\u0440\u043e\u043c \u043d\u043e\u0447\u043b\u0435\u0433\u0430. \u042d\u0442\u043e \u0434\u0430\u043b\u0435\u043a\u043e \u043d\u0435 \u043f\u0435\u0440\u0432\u044b\u0439 \u0445\u043e\u0441\u0442\u0435\u043b, \u0432 \u043a\u043e\u0442\u043e\u0440\u043e\u043c \u043c\u044b \u043e\u0441\u0442\u0430\u043d\u0430\u0432\u043b\u0438\u0432\u0430\u0435\u043c\u0441\u044f \u0441 \u0434\u0440\u0443\u0437\u044c\u044f\u043c\u0438. \u041d\u043e \u0434\u0430\u043d\u043d\u044b\u0439 - \u043f\u043e\u043a\u043e\u0440\u0438\u043b \u043d\u0430\u0448\u0438 \u0441\u0435\u0440\u0434\u0446\u0430. \u0427\u0438\u0441\u0442\u043e\u0442\u0430, \u043e\u0442\u043d\u043e\u0448\u0435\u043d\u0438\u0435 \u043f\u0435\u0440\u0441\u043e\u043d\u0430\u043b\u0430, \u0446\u0435\u043d\u0430. \u0412\u0441\u0435 \u0441\u043e\u043e\u0442\u0432\u0435\u0442\u0441\u0442\u0432\u0435\u043d\u043d\u043e \u0438 \u043f\u0440\u0435\u0432\u044b\u0448\u0430\u0435\u0442 \u043e\u0436\u0438\u0434\u0430\u043d\u0438\u044f. \u0427\u0443\u0432\u0441\u0442\u0432\u0443\u0435\u0442\u0441\u044f, \u0447\u0442\u043e \u043a \u0435\u0433\u043e \u0441\u043e\u0437\u0434\u0430\u043d\u0438\u044e \u043f\u043e\u0434\u0445\u043e\u0434\u0438\u043b\u0438 \u0441\u043e \u0432\u043a\u0443\u0441\u043e\u043c, \u043b\u044e\u0431\u043e\u0432\u044c\u044e \u0438 \u0435\u0432\u0440\u043e\u043f\u0435\u0439\u0441\u043a\u0438\u043c \u043f\u043e\u0434\u0445\u043e\u0434\u043e\u043c. \u041e\u0434\u043d\u043e\u0437\u043d\u0430\u0447\u043d\u043e \u0433\u043e\u0442\u043e\u0432\u044b \u043e\u0441\u0442\u0430\u043d\u043e\u0432\u0438\u0442\u044c\u0441\u044f \u0437\u0434\u0435\u0441\u044c \u0435\u0449\u0451 \u0434\u0430\u043b\u0435\u043a\u043e \u043d\u0435 \u043e\u0434\u0438\u043d \u0440\u0430\u0437.", "image": "feedbacks/img8.jpg", "is_published": true, "is_on_main_page": true, "is_moderated": true, "created_at": "2017-06-21T07:03:01.588Z", "updated_at": "2017-06-27T08:50:41.184Z"}}, {"model": "feedbacks.feedback", "pk": 2, "fields": {"client_name": "\u041f\u0435\u0442\u0440\u043e\u0432 \u0413\u0435\u043e\u0440\u0433\u0438\u0439", "position": "\u041c\u0435\u043d\u0435\u0434\u0436\u0435\u0440 \u043f\u043e \u043f\u0440\u043e\u0434\u0430\u0436\u0430\u043c", "text": "\u041f\u0435\u0440\u0432\u044b\u0439 \u0440\u0430\u0437 \u043e\u0441\u0442\u0430\u043d\u043e\u0432\u0438\u043b\u0441\u044f \u0432 \u0445\u043e\u0441\u0442\u0435\u043b\u0435. \u0412\u043e\u043b\u043d\u043e\u0432\u0430\u043b\u0441\u044f \u0441\u0438\u043b\u044c\u043d\u043e, \u043a\u0430\u043a\u043e\u0432\u043e \u0436\u0438\u0442\u044c \u0432 \u043e\u0434\u043d\u043e\u0439 \u043a\u043e\u043c\u043d\u0430\u0442\u0435 \u0441 \u043d\u0435\u0441\u043a\u043e\u043b\u044c\u043a\u0438\u043c\u0438 \u043b\u044e\u0434\u044c\u043c\u0438, \u0434\u0430 \u0435\u0449\u0435 \u0441 \u043d\u0435\u0437\u043d\u0430\u043a\u043e\u043c\u044b\u043c\u0438. \u0411\u0443\u0434\u0435\u0442 \u043b\u0438 \u0442\u0430\u043c \u0447\u0438\u0441\u0442\u043e \u0438 \u0442.\u0434. \u041a\u0430\u043a \u043e\u043a\u0430\u0437\u0430\u043b\u043e\u0441\u044c, \u0432\u043e\u043b\u043d\u043e\u0432\u0430\u043b\u0441\u044f \u0437\u0440\u044f!) \u0425\u043e\u0441\u0442\u0435\u043b \u043e\u0447\u0435\u043d\u044c \u0447\u0438\u0441\u0442\u044b\u0439, \u0441\u0432\u0435\u0442\u043b\u044b\u0439, \u043f\u0440\u043e\u0441\u0442\u043e\u0440\u043d\u044b\u0439. \u0421\u043e\u0442\u0440\u0443\u0434\u043d\u0438\u043a\u0438 \u0445\u043e\u0441\u0442\u0435\u043b\u0430 \u0432\u0441\u0435\u0433\u0434\u0430 \u0432 \u0445\u043e\u0440\u043e\u0448\u0435\u043c \u043d\u0430\u0441\u0442\u0440\u043e\u0435\u043d\u0438\u0438, \u0432\u0441\u0442\u0440\u0435\u0447\u0430\u044e\u0442 \u0438 \u043f\u0440\u043e\u0432\u043e\u0436\u0430\u044e\u0442 \u0441 \u0443\u043b\u044b\u0431\u043a\u043e\u0439, \u0433\u043e\u0442\u043e\u0432\u044b \u043f\u043e\u043c\u043e\u0447\u044c \u0432 \u043b\u044e\u0431\u043e\u0439 \u0441\u0438\u0442\u0443\u0430\u0446\u0438\u0438. \u0410 \u0441\u0430\u043c\u043e\u0435 \u0433\u043b\u0430\u0432\u043d\u043e\u0435 - \u0437\u0430\u043c\u0435\u0447\u0430\u0442\u0435\u043b\u044c\u043d\u044b\u0435 \u0441\u043e\u0441\u0435\u0434\u0438 \u043f\u043e \u043a\u043e\u043c\u043d\u0430\u0442\u0435! \u0411\u043b\u0430\u0433\u043e\u0434\u0430\u0440\u0435\u043d \u0432\u0441\u0435\u043c \u0441\u043e\u0442\u0440\u0443\u0434\u043d\u0438\u043a\u0430\u043c \u0445\u043e\u0441\u0442\u0435\u043b\u0430 \u0437\u0430 \u0442\u0435\u043f\u043b\u044b\u0439 \u043f\u0440\u0438\u0435\u043c, \u0437\u0430 \u043d\u043e\u0432\u044b\u0445 \u0434\u0440\u0443\u0437\u0435\u0439.", "image": "feedbacks/img7_vLMODVq.jpg", "is_published": true, "is_on_main_page": true, "is_moderated": true, "created_at": "2017-06-21T07:04:07.479Z", "updated_at": "2017-07-03T10:01:16.998Z"}}, {"model": "booking.booking", "pk": 1, "fields": {"name": "123", "telephone": "123", "email": "alex.mon1989@gmail.com", "message": "123", "is_processed": true, "created_at": "2017-06-30T11:38:07.810Z", "updated_at": "2017-07-03T07:46:31.870Z"}}, {"model": "booking.booking", "pk": 2, "fields": {"name": "123", "telephone": "123", "email": "alex.mon1989@gmail.com", "message": "123", "is_processed": true, "created_at": "2017-06-30T11:46:43.022Z", "updated_at": "2017-07-03T07:46:31.520Z"}}, {"model": "booking.booking", "pk": 3, "fields": {"name": "123", "telephone": "123", "email": "alex.mon1989@gmail.com", "message": "123", "is_processed": true, "created_at": "2017-06-30T11:48:13.613Z", "updated_at": "2017-07-03T07:46:31.213Z"}}, {"model": "djangoseo.mymetadatapath", "pk": 1, "fields": {"title": "\u0421\u0435\u0442\u044c \u0445\u043e\u0441\u0442\u0435\u043b\u043e\u0432 \u0432 \u041a\u0438\u0435\u0432\u0435 | hostels-yulia.com.ua", "description": "\u0421\u0435\u0442\u044c \u0445\u043e\u0441\u0442\u0435\u043b\u043e\u0432 \u0432 \u041a\u0438\u0435\u0432\u0435", "keywords": "\u0425\u043e\u0441\u0442\u0435\u043b, \u0445\u043e\u0441\u0442\u0435\u043b \u043a\u0438\u0435\u0432", "heading": "\u0425\u043e\u0441\u0442\u0435\u043b \u0432 \u041a\u0438\u0435\u0432\u0435", "_path": "/"}}, {"model": "djangoseo.mymetadatamodelinstance", "pk": 3, "fields": {"title": "", "description": "", "keywords": "", "heading": "", "_path": "/hostels/hotkevicha/", "_content_type": 8, "_object_id": 1}}, {"model": "djangoseo.mymetadatamodelinstance", "pk": 4, "fields": {"title": "", "description": "", "keywords": "", "heading": "", "_path": "/hostels/bubnova/", "_content_type": 8, "_object_id": 3}}, {"model": "djangoseo.mymetadatamodelinstance", "pk": 5, "fields": {"title": "", "description": "", "keywords": "", "heading": "", "_path": "/news/1/", "_content_type": 7, "_object_id": 1}}, {"model": "djangoseo.mymetadatamodelinstance", "pk": 6, "fields": {"title": "", "description": "", "keywords": "", "heading": "", "_path": "/hostels/magnitogorskaya/", "_content_type": 8, "_object_id": 2}}, {"model": "admin.logentry", "pk": 1, "fields": {"action_time": "2017-06-20T08:55:06.817Z", "user": 1, "content_type": 7, "object_id": "1", "object_repr": "\u0422\u0435\u0441\u0442\u043e\u0432\u0430\u044f \u043d\u043e\u0432\u043e\u0441\u0442\u044c", "action_flag": 1, "change_message": "[{\"added\": {}}]"}}, {"model": "admin.logentry", "pk": 2, "fields": {"action_time": "2017-06-20T11:35:56.822Z", "user": 1, "content_type": 7, "object_id": "1", "object_repr": "\u0422\u0435\u0441\u0442\u043e\u0432\u0430\u044f \u043d\u043e\u0432\u043e\u0441\u0442\u044c", "action_flag": 2, "change_message": "[{\"changed\": {\"fields\": [\"image\"]}}]"}}, {"model": "admin.logentry", "pk": 3, "fields": {"action_time": "2017-06-20T11:58:04.158Z", "user": 1, "content_type": 7, "object_id": "1", "object_repr": "\u0422\u0435\u0441\u0442\u043e\u0432\u0430\u044f \u043d\u043e\u0432\u043e\u0441\u0442\u044c", "action_flag": 2, "change_message": "[{\"changed\": {\"fields\": [\"image\"]}}]"}}, {"model": "admin.logentry", "pk": 4, "fields": {"action_time": "2017-06-20T11:58:30.375Z", "user": 1, "content_type": 7, "object_id": "1", "object_repr": "\u0422\u0435\u0441\u0442\u043e\u0432\u0430\u044f \u043d\u043e\u0432\u043e\u0441\u0442\u044c", "action_flag": 2, "change_message": "[{\"changed\": {\"fields\": [\"image\"]}}]"}}, {"model": "admin.logentry", "pk": 5, "fields": {"action_time": "2017-06-20T12:13:56.049Z", "user": 1, "content_type": 7, "object_id": "2", "object_repr": "\u0422\u0435\u0441\u0442\u043e\u0432\u0430\u044f \u043d\u043e\u0432\u043e\u0441\u0442\u044c 2", "action_flag": 1, "change_message": "[{\"added\": {}}]"}}, {"model": "admin.logentry", "pk": 6, "fields": {"action_time": "2017-06-20T12:45:35.461Z", "user": 1, "content_type": 7, "object_id": "2", "object_repr": "\u0422\u0435\u0441\u0442\u043e\u0432\u0430\u044f \u043d\u043e\u0432\u043e\u0441\u0442\u044c 2", "action_flag": 2, "change_message": "[{\"changed\": {\"fields\": [\"image\"]}}]"}}, {"model": "admin.logentry", "pk": 7, "fields": {"action_time": "2017-06-20T17:51:45.447Z", "user": 1, "content_type": 8, "object_id": "1", "object_repr": "\u0425\u043e\u0442\u043a\u0435\u0432\u0438\u0447\u0430, 13", "action_flag": 1, "change_message": "[{\"added\": {}}]"}}, {"model": "admin.logentry", "pk": 8, "fields": {"action_time": "2017-06-20T17:53:49.587Z", "user": 1, "content_type": 8, "object_id": "1", "object_repr": "\u0425\u043e\u0442\u043a\u0435\u0432\u0438\u0447\u0430, 13", "action_flag": 2, "change_message": "[{\"changed\": {\"fields\": [\"image\"]}}]"}}, {"model": "admin.logentry", "pk": 9, "fields": {"action_time": "2017-06-20T17:55:20.665Z", "user": 1, "content_type": 8, "object_id": "2", "object_repr": "\u041c\u0430\u0433\u043d\u0438\u0442\u043e\u0433\u043e\u0440\u0441\u043a\u0430\u044f, 1", "action_flag": 1, "change_message": "[{\"added\": {}}]"}}, {"model": "admin.logentry", "pk": 10, "fields": {"action_time": "2017-06-20T18:04:30.515Z", "user": 1, "content_type": 8, "object_id": "3", "object_repr": "bubnova", "action_flag": 1, "change_message": "[{\"added\": {}}]"}}, {"model": "admin.logentry", "pk": 11, "fields": {"action_time": "2017-06-20T18:04:48.074Z", "user": 1, "content_type": 8, "object_id": "3", "object_repr": "\u0411\u0443\u0431\u043d\u043e\u0432\u0430, 10", "action_flag": 2, "change_message": "[{\"changed\": {\"fields\": [\"slug\", \"title\", \"image\"]}}]"}}, {"model": "admin.logentry", "pk": 12, "fields": {"action_time": "2017-06-20T18:37:43.905Z", "user": 1, "content_type": 9, "object_id": "1", "object_repr": "\u0414\u043e\u0441\u0442\u0443\u043f\u043d\u044b\u0435 \u0446\u0435\u043d\u044b", "action_flag": 1, "change_message": "[{\"added\": {}}]"}}, {"model": "admin.logentry", "pk": 13, "fields": {"action_time": "2017-06-20T18:38:02.796Z", "user": 1, "content_type": 9, "object_id": "2", "object_repr": "\u041a\u043e\u043c\u0444\u043e\u0440\u0442\u043d\u044b\u0435 \u0443\u0441\u043b\u043e\u0432\u0438\u044f", "action_flag": 1, "change_message": "[{\"added\": {}}]"}}, {"model": "admin.logentry", "pk": 14, "fields": {"action_time": "2017-06-20T18:38:29.008Z", "user": 1, "content_type": 9, "object_id": "3", "object_repr": "\u0423\u0434\u043e\u0431\u043d\u043e\u0435 \u043c\u0435\u0441\u0442\u043e\u0440\u0430\u0441\u043f\u043e\u043b\u043e\u0436\u0435\u043d\u0438\u0435", "action_flag": 1, "change_message": "[{\"added\": {}}]"}}, {"model": "admin.logentry", "pk": 15, "fields": {"action_time": "2017-06-20T18:54:55.111Z", "user": 1, "content_type": 10, "object_id": "1", "object_repr": "\u041e \u043d\u0430\u0441", "action_flag": 1, "change_message": "[{\"added\": {}}]"}}, {"model": "admin.logentry", "pk": 16, "fields": {"action_time": "2017-06-20T18:59:39.627Z", "user": 1, "content_type": 10, "object_id": "1", "object_repr": "\u041e \u043d\u0430\u0441", "action_flag": 2, "change_message": "[{\"changed\": {\"fields\": [\"text\"]}}]"}}, {"model": "admin.logentry", "pk": 17, "fields": {"action_time": "2017-06-21T07:03:01.611Z", "user": 1, "content_type": 11, "object_id": "1", "object_repr": "\u0418\u0440\u0438\u043d\u0430 \u0428\u0435\u043b\u0435\u0441\u0442 (\u041f\u0440\u0435\u0434\u043f\u0440\u0438\u043d\u0438\u043c\u0430\u0442\u0435\u043b\u044c)", "action_flag": 1, "change_message": "[{\"added\": {}}]"}}, {"model": "admin.logentry", "pk": 18, "fields": {"action_time": "2017-06-21T07:03:13.101Z", "user": 1, "content_type": 11, "object_id": "1", "object_repr": "\u0418\u0440\u0438\u043d\u0430 \u0428\u0435\u043b\u0435\u0441\u0442 (\u041f\u0440\u0435\u0434\u043f\u0440\u0438\u043d\u0438\u043c\u0430\u0442\u0435\u043b\u044c)", "action_flag": 2, "change_message": "[{\"changed\": {\"fields\": [\"is_on_main_page\"]}}]"}}, {"model": "admin.logentry", "pk": 19, "fields": {"action_time": "2017-06-21T07:04:07.495Z", "user": 1, "content_type": 11, "object_id": "2", "object_repr": "\u041f\u0435\u0442\u0440\u043e\u0432 \u0413\u0435\u043e\u0440\u0433\u0438\u0439 (\u041c\u0435\u043d\u0435\u0434\u0436\u0435\u0440 \u043f\u043e \u043f\u0440\u043e\u0434\u0430\u0436\u0430\u043c)", "action_flag": 1, "change_message": "[{\"added\": {}}]"}}, {"model": "admin.logentry", "pk": 20, "fields": {"action_time": "2017-06-21T07:48:52.740Z", "user": 1, "content_type": 11, "object_id": "2", "object_repr": "\u041f\u0435\u0442\u0440\u043e\u0432 \u0413\u0435\u043e\u0440\u0433\u0438\u0439 (\u041c\u0435\u043d\u0435\u0434\u0436\u0435\u0440 \u043f\u043e \u043f\u0440\u043e\u0434\u0430\u0436\u0430\u043c)", "action_flag": 2, "change_message": "[{\"changed\": {\"fields\": [\"text\"]}}]"}}, {"model": "admin.logentry", "pk": 21, "fields": {"action_time": "2017-06-21T07:56:25.777Z", "user": 1, "content_type": 12, "object_id": "1", "object_repr": "Footer object", "action_flag": 1, "change_message": "[{\"added\": {}}]"}}, {"model": "admin.logentry", "pk": 22, "fields": {"action_time": "2017-06-23T06:53:52.950Z", "user": 1, "content_type": 13, "object_id": "1", "object_repr": "\u041d\u043e\u043c\u0435\u0440\u0430 \u043e\u0442 2 \u0447\u0435\u043b\u043e\u0432\u0435\u043a", "action_flag": 1, "change_message": "[{\"added\": {}}]"}}, {"model": "admin.logentry", "pk": 23, "fields": {"action_time": "2017-06-23T07:01:13.899Z", "user": 1, "content_type": 13, "object_id": "2", "object_repr": "\u0421\u0442\u0438\u0440\u0430\u043b\u044c\u043d\u0430\u044f \u043c\u0430\u0448\u0438\u043d\u0430", "action_flag": 1, "change_message": "[{\"added\": {}}]"}}, {"model": "admin.logentry", "pk": 24, "fields": {"action_time": "2017-06-23T07:02:07.862Z", "user": 1, "content_type": 13, "object_id": "3", "object_repr": "\u0422\u0435\u043b\u0435\u0432\u0438\u0437\u043e\u0440", "action_flag": 1, "change_message": "[{\"added\": {}}]"}}, {"model": "admin.logentry", "pk": 25, "fields": {"action_time": "2017-06-23T07:43:27.851Z", "user": 1, "content_type": 13, "object_id": "4", "object_repr": "\u0425\u043e\u043b\u043e\u0434\u0438\u043b\u044c\u043d\u0438\u043a", "action_flag": 1, "change_message": "[{\"added\": {}}]"}}, {"model": "admin.logentry", "pk": 26, "fields": {"action_time": "2017-06-23T07:45:12.393Z", "user": 1, "content_type": 13, "object_id": "5", "object_repr": "\u0413\u043e\u0440\u044f\u0447\u0430\u044f \u0432\u043e\u0434\u0430", "action_flag": 1, "change_message": "[{\"added\": {}}]"}}, {"model": "admin.logentry", "pk": 27, "fields": {"action_time": "2017-06-23T07:46:36.083Z", "user": 1, "content_type": 13, "object_id": "6", "object_repr": "\u0423\u0434\u043e\u0431\u043d\u043e\u0435 \u0440\u0430\u0441\u043f\u043e\u043b\u043e\u0436\u0435\u043d\u0438\u0435", "action_flag": 1, "change_message": "[{\"added\": {}}]"}}, {"model": "admin.logentry", "pk": 28, "fields": {"action_time": "2017-06-23T07:46:43.911Z", "user": 1, "content_type": 8, "object_id": "1", "object_repr": "\u0425\u043e\u0442\u043a\u0435\u0432\u0438\u0447\u0430, 13", "action_flag": 2, "change_message": "[]"}}, {"model": "admin.logentry", "pk": 29, "fields": {"action_time": "2017-06-23T08:51:30.031Z", "user": 1, "content_type": 8, "object_id": "1", "object_repr": "\u0425\u043e\u0442\u043a\u0435\u0432\u0438\u0447\u0430, 13", "action_flag": 2, "change_message": "[]"}}, {"model": "admin.logentry", "pk": 30, "fields": {"action_time": "2017-06-23T08:51:51.130Z", "user": 1, "content_type": 8, "object_id": "1", "object_repr": "\u0425\u043e\u0442\u043a\u0435\u0432\u0438\u0447\u0430, 13", "action_flag": 2, "change_message": "[]"}}, {"model": "admin.logentry", "pk": 31, "fields": {"action_time": "2017-06-23T10:35:47.113Z", "user": 1, "content_type": 8, "object_id": "1", "object_repr": "\u0425\u043e\u0442\u043a\u0435\u0432\u0438\u0447\u0430, 13", "action_flag": 2, "change_message": "[{\"changed\": {\"fields\": [\"full_description\", \"prices\"]}}]"}}, {"model": "admin.logentry", "pk": 32, "fields": {"action_time": "2017-06-23T10:39:53.765Z", "user": 1, "content_type": 8, "object_id": "1", "object_repr": "\u0425\u043e\u0442\u043a\u0435\u0432\u0438\u0447\u0430, 13", "action_flag": 2, "change_message": "[{\"changed\": {\"fields\": [\"prices\"]}}]"}}, {"model": "admin.logentry", "pk": 33, "fields": {"action_time": "2017-06-23T10:41:11.579Z", "user": 1, "content_type": 8, "object_id": "1", "object_repr": "\u0425\u043e\u0442\u043a\u0435\u0432\u0438\u0447\u0430, 13", "action_flag": 2, "change_message": "[{\"changed\": {\"fields\": [\"prices\"]}}]"}}, {"model": "admin.logentry", "pk": 34, "fields": {"action_time": "2017-06-23T10:43:13.625Z", "user": 1, "content_type": 8, "object_id": "1", "object_repr": "\u0425\u043e\u0442\u043a\u0435\u0432\u0438\u0447\u0430, 13", "action_flag": 2, "change_message": "[{\"changed\": {\"fields\": [\"prices\"]}}]"}}, {"model": "admin.logentry", "pk": 35, "fields": {"action_time": "2017-06-23T11:47:52.581Z", "user": 1, "content_type": 8, "object_id": "1", "object_repr": "\u0425\u043e\u0442\u043a\u0435\u0432\u0438\u0447\u0430, 13", "action_flag": 2, "change_message": "[{\"added\": {\"object\": \"\\u0421\\u0443\\u0442\\u043a\\u0438\", \"name\": \"\\u0426\\u0435\\u043d\\u0430\"}}, {\"added\": {\"object\": \"\\u041d\\u0435\\u0434\\u0435\\u043b\\u044f\", \"name\": \"\\u0426\\u0435\\u043d\\u0430\"}}, {\"added\": {\"object\": \"\\u041c\\u0435\\u0441\\u044f\\u0446\", \"name\": \"\\u0426\\u0435\\u043d\\u0430\"}}]"}}, {"model": "admin.logentry", "pk": 36, "fields": {"action_time": "2017-06-26T06:26:34.980Z", "user": 1, "content_type": 8, "object_id": "1", "object_repr": "\u0425\u043e\u0442\u043a\u0435\u0432\u0438\u0447\u0430, 13", "action_flag": 2, "change_message": "[{\"changed\": {\"fields\": [\"full_description\"]}}]"}}, {"model": "admin.logentry", "pk": 37, "fields": {"action_time": "2017-06-26T06:38:29.650Z", "user": 1, "content_type": 13, "object_id": "7", "object_repr": "123", "action_flag": 1, "change_message": "[{\"added\": {}}]"}}, {"model": "admin.logentry", "pk": 38, "fields": {"action_time": "2017-06-26T06:38:50.492Z", "user": 1, "content_type": 8, "object_id": "1", "object_repr": "\u0425\u043e\u0442\u043a\u0435\u0432\u0438\u0447\u0430, 13", "action_flag": 2, "change_message": "[]"}}, {"model": "admin.logentry", "pk": 39, "fields": {"action_time": "2017-06-26T06:39:12.314Z", "user": 1, "content_type": 13, "object_id": "7", "object_repr": "123", "action_flag": 3, "change_message": ""}}, {"model": "admin.logentry", "pk": 40, "fields": {"action_time": "2017-06-26T06:54:40.300Z", "user": 1, "content_type": 8, "object_id": "1", "object_repr": "\u0425\u043e\u0442\u043a\u0435\u0432\u0438\u0447\u0430, 13", "action_flag": 2, "change_message": "[{\"changed\": {\"fields\": [\"code_google_maps\"]}}]"}}, {"model": "admin.logentry", "pk": 41, "fields": {"action_time": "2017-06-26T07:10:45.086Z", "user": 1, "content_type": 8, "object_id": "1", "object_repr": "\u0425\u043e\u0442\u043a\u0435\u0432\u0438\u0447\u0430, 13", "action_flag": 2, "change_message": "[{\"added\": {\"object\": \"\\u0424\\u043e\\u0442\\u043e\", \"name\": \"\\u0424\\u043e\\u0442\\u043e\\u0433\\u0440\\u0430\\u0444\\u0438\\u044f\"}}, {\"added\": {\"object\": \"\\u0424\\u043e\\u0442\\u043e\", \"name\": \"\\u0424\\u043e\\u0442\\u043e\\u0433\\u0440\\u0430\\u0444\\u0438\\u044f\"}}, {\"added\": {\"object\": \"\\u0424\\u043e\\u0442\\u043e\", \"name\": \"\\u0424\\u043e\\u0442\\u043e\\u0433\\u0440\\u0430\\u0444\\u0438\\u044f\"}}, {\"added\": {\"object\": \"\\u0424\\u043e\\u0442\\u043e\", \"name\": \"\\u0424\\u043e\\u0442\\u043e\\u0433\\u0440\\u0430\\u0444\\u0438\\u044f\"}}, {\"added\": {\"object\": \"\\u0424\\u043e\\u0442\\u043e\", \"name\": \"\\u0424\\u043e\\u0442\\u043e\\u0433\\u0440\\u0430\\u0444\\u0438\\u044f\"}}, {\"added\": {\"object\": \"\\u0424\\u043e\\u0442\\u043e\", \"name\": \"\\u0424\\u043e\\u0442\\u043e\\u0433\\u0440\\u0430\\u0444\\u0438\\u044f\"}}]"}}, {"model": "admin.logentry", "pk": 42, "fields": {"action_time": "2017-06-26T08:05:06.331Z", "user": 1, "content_type": 8, "object_id": "1", "object_repr": "\u0425\u043e\u0442\u043a\u0435\u0432\u0438\u0447\u0430, 13", "action_flag": 2, "change_message": "[{\"changed\": {\"fields\": [\"full_description\"]}}]"}}, {"model": "admin.logentry", "pk": 43, "fields": {"action_time": "2017-06-26T08:15:04.942Z", "user": 1, "content_type": 8, "object_id": "2", "object_repr": "\u041c\u0430\u0433\u043d\u0438\u0442\u043e\u0433\u043e\u0440\u0441\u043a\u0430\u044f, 1", "action_flag": 2, "change_message": "[{\"changed\": {\"fields\": [\"slug\"]}}]"}}, {"model": "admin.logentry", "pk": 44, "fields": {"action_time": "2017-06-27T08:50:25.953Z", "user": 1, "content_type": 11, "object_id": "3", "object_repr": "\u0410\u043b\u0435\u043a\u0441\u0430\u043d\u0434\u0440 (\u041f\u0440\u043e\u0433\u0440\u0430\u043c\u043c\u0438\u0441\u0442)", "action_flag": 2, "change_message": "[{\"changed\": {\"fields\": [\"is_moderated\"]}}]"}}, {"model": "admin.logentry", "pk": 45, "fields": {"action_time": "2017-06-27T08:50:34.152Z", "user": 1, "content_type": 11, "object_id": "2", "object_repr": "\u041f\u0435\u0442\u0440\u043e\u0432 \u0413\u0435\u043e\u0440\u0433\u0438\u0439 (\u041c\u0435\u043d\u0435\u0434\u0436\u0435\u0440 \u043f\u043e \u043f\u0440\u043e\u0434\u0430\u0436\u0430\u043c)", "action_flag": 2, "change_message": "[{\"changed\": {\"fields\": [\"is_moderated\"]}}]"}}, {"model": "admin.logentry", "pk": 46, "fields": {"action_time": "2017-06-27T08:50:41.200Z", "user": 1, "content_type": 11, "object_id": "1", "object_repr": "\u0418\u0440\u0438\u043d\u0430 \u0428\u0435\u043b\u0435\u0441\u0442 (\u041f\u0440\u0435\u0434\u043f\u0440\u0438\u043d\u0438\u043c\u0430\u0442\u0435\u043b\u044c)", "action_flag": 2, "change_message": "[{\"changed\": {\"fields\": [\"is_moderated\"]}}]"}}, {"model": "admin.logentry", "pk": 47, "fields": {"action_time": "2017-06-27T08:51:52.815Z", "user": 1, "content_type": 11, "object_id": "3", "object_repr": "\u0410\u043b\u0435\u043a\u0441\u0430\u043d\u0434\u0440 (\u041f\u0440\u043e\u0433\u0440\u0430\u043c\u043c\u0438\u0441\u0442)", "action_flag": 2, "change_message": "[{\"changed\": {\"fields\": [\"is_published\", \"is_on_main_page\"]}}]"}}, {"model": "admin.logentry", "pk": 48, "fields": {"action_time": "2017-06-27T08:51:58.930Z", "user": 1, "content_type": 11, "object_id": "2", "object_repr": "\u041f\u0435\u0442\u0440\u043e\u0432 \u0413\u0435\u043e\u0440\u0433\u0438\u0439 (\u041c\u0435\u043d\u0435\u0434\u0436\u0435\u0440 \u043f\u043e \u043f\u0440\u043e\u0434\u0430\u0436\u0430\u043c)", "action_flag": 2, "change_message": "[{\"changed\": {\"fields\": [\"is_on_main_page\"]}}]"}}, {"model": "admin.logentry", "pk": 49, "fields": {"action_time": "2017-06-27T10:40:38.811Z", "user": 1, "content_type": 11, "object_id": "7", "object_repr": "\u0422\u0435\u0441\u0442 (None)", "action_flag": 2, "change_message": "[{\"changed\": {\"fields\": [\"is_published\", \"is_moderated\"]}}]"}}, {"model": "admin.logentry", "pk": 50, "fields": {"action_time": "2017-06-29T08:08:19.389Z", "user": 1, "content_type": 2, "object_id": "2", "object_repr": "manager", "action_flag": 1, "change_message": "[{\"added\": {}}]"}}, {"model": "admin.logentry", "pk": 51, "fields": {"action_time": "2017-06-29T08:08:42.999Z", "user": 1, "content_type": 2, "object_id": "2", "object_repr": "manager", "action_flag": 2, "change_message": "[{\"changed\": {\"fields\": [\"is_staff\"]}}]"}}, {"model": "admin.logentry", "pk": 52, "fields": {"action_time": "2017-06-29T08:10:35.044Z", "user": 1, "content_type": 2, "object_id": "2", "object_repr": "manager", "action_flag": 2, "change_message": "[{\"changed\": {\"fields\": [\"email\"]}}]"}}, {"model": "admin.logentry", "pk": 53, "fields": {"action_time": "2017-06-29T08:11:52.256Z", "user": 1, "content_type": 2, "object_id": "2", "object_repr": "manager", "action_flag": 2, "change_message": "[]"}}, {"model": "admin.logentry", "pk": 54, "fields": {"action_time": "2017-06-30T11:39:52.285Z", "user": 1, "content_type": 16, "object_id": "1", "object_repr": "123", "action_flag": 2, "change_message": "[{\"changed\": {\"fields\": [\"is_processed\"]}}]"}}, {"model": "admin.logentry", "pk": 55, "fields": {"action_time": "2017-06-30T11:53:47.885Z", "user": 1, "content_type": 16, "object_id": "1", "object_repr": "123", "action_flag": 2, "change_message": "[{\"changed\": {\"fields\": [\"is_processed\"]}}]"}}, {"model": "admin.logentry", "pk": 56, "fields": {"action_time": "2017-06-30T12:24:30.977Z", "user": 1, "content_type": 11, "object_id": "6", "object_repr": "123 (123)", "action_flag": 3, "change_message": ""}}, {"model": "admin.logentry", "pk": 57, "fields": {"action_time": "2017-06-30T12:24:31.131Z", "user": 1, "content_type": 11, "object_id": "5", "object_repr": "123 (123)", "action_flag": 3, "change_message": ""}}, {"model": "admin.logentry", "pk": 58, "fields": {"action_time": "2017-06-30T12:24:31.262Z", "user": 1, "content_type": 11, "object_id": "4", "object_repr": "\u0410\u043b\u0435\u043a\u0441\u0430\u043d\u0434\u0440 (\u041f\u0440\u043e\u0433\u0440\u0430\u043c\u043c\u0438\u0441\u0442)", "action_flag": 3, "change_message": ""}}, {"model": "admin.logentry", "pk": 59, "fields": {"action_time": "2017-07-02T17:42:07.474Z", "user": 1, "content_type": 17, "object_id": "1", "object_repr": "/", "action_flag": 1, "change_message": "[{\"added\": {}}]"}}, {"model": "admin.logentry", "pk": 60, "fields": {"action_time": "2017-07-02T17:58:55.588Z", "user": 1, "content_type": 7, "object_id": "3", "object_repr": "\u0422\u0435\u0441\u0442 3", "action_flag": 1, "change_message": "[{\"added\": {}}]"}}, {"model": "admin.logentry", "pk": 61, "fields": {"action_time": "2017-07-02T18:11:05.235Z", "user": 1, "content_type": 7, "object_id": "3", "object_repr": "\u0422\u0435\u0441\u0442 3", "action_flag": 2, "change_message": "[{\"added\": {\"object\": \"\", \"name\": \"SEO (Model Instance)\"}}]"}}, {"model": "admin.logentry", "pk": 62, "fields": {"action_time": "2017-07-02T18:59:43.477Z", "user": 1, "content_type": 21, "object_id": "1", "object_repr": "hostels-yulia.kiev.ua", "action_flag": 2, "change_message": "[{\"changed\": {\"fields\": [\"domain\", \"name\"]}}]"}}, {"model": "admin.logentry", "pk": 63, "fields": {"action_time": "2017-07-03T06:30:07.041Z", "user": 1, "content_type": 17, "object_id": "1", "object_repr": "/", "action_flag": 2, "change_message": "[{\"changed\": {\"fields\": [\"heading\"]}}]"}}, {"model": "admin.logentry", "pk": 64, "fields": {"action_time": "2017-07-03T06:32:19.179Z", "user": 1, "content_type": 17, "object_id": "1", "object_repr": "/", "action_flag": 2, "change_message": "[{\"changed\": {\"fields\": [\"heading\"]}}]"}}, {"model": "admin.logentry", "pk": 65, "fields": {"action_time": "2017-07-03T06:32:38.455Z", "user": 1, "content_type": 17, "object_id": "1", "object_repr": "/", "action_flag": 2, "change_message": "[{\"changed\": {\"fields\": [\"heading\"]}}]"}}, {"model": "admin.logentry", "pk": 66, "fields": {"action_time": "2017-07-03T06:46:08.434Z", "user": 1, "content_type": 7, "object_id": "3", "object_repr": "\u0422\u0435\u0441\u0442 3", "action_flag": 3, "change_message": ""}}, {"model": "admin.logentry", "pk": 67, "fields": {"action_time": "2017-07-03T07:46:31.377Z", "user": 1, "content_type": 16, "object_id": "3", "object_repr": "123", "action_flag": 2, "change_message": "[{\"changed\": {\"fields\": [\"is_processed\"]}}]"}}, {"model": "admin.logentry", "pk": 68, "fields": {"action_time": "2017-07-03T07:46:31.729Z", "user": 1, "content_type": 16, "object_id": "2", "object_repr": "123", "action_flag": 2, "change_message": "[{\"changed\": {\"fields\": [\"is_processed\"]}}]"}}, {"model": "admin.logentry", "pk": 69, "fields": {"action_time": "2017-07-03T07:46:31.965Z", "user": 1, "content_type": 16, "object_id": "1", "object_repr": "123", "action_flag": 2, "change_message": "[{\"changed\": {\"fields\": [\"is_processed\"]}}]"}}, {"model": "admin.logentry", "pk": 70, "fields": {"action_time": "2017-07-03T07:52:31.332Z", "user": 1, "content_type": 13, "object_id": "1", "object_repr": "\u041d\u043e\u043c\u0435\u0440\u0430 \u043e\u0442 2 \u0447\u0435\u043b\u043e\u0432\u0435\u043a", "action_flag": 2, "change_message": "[]"}}, {"model": "admin.logentry", "pk": 71, "fields": {"action_time": "2017-07-03T07:52:50.359Z", "user": 1, "content_type": 13, "object_id": "8", "object_repr": "fa fa-users", "action_flag": 1, "change_message": "[{\"added\": {}}]"}}, {"model": "admin.logentry", "pk": 72, "fields": {"action_time": "2017-07-03T07:52:54.433Z", "user": 1, "content_type": 8, "object_id": "2", "object_repr": "\u041c\u0430\u0433\u043d\u0438\u0442\u043e\u0433\u043e\u0440\u0441\u043a\u0430\u044f, 1", "action_flag": 2, "change_message": "[{\"changed\": {\"fields\": [\"full_description\", \"code_google_maps\"]}}, {\"added\": {\"object\": \"\", \"name\": \"SEO (Model Instance)\"}}]"}}, {"model": "admin.logentry", "pk": 73, "fields": {"action_time": "2017-07-03T07:53:09.571Z", "user": 1, "content_type": 13, "object_id": "8", "object_repr": "\u041d\u043e\u043c\u0435\u0440\u0430 \u043e\u0442 4-\u0445 \u0447\u0435\u043b\u043e\u0432\u0435\u043a", "action_flag": 2, "change_message": "[{\"changed\": {\"fields\": [\"title\", \"icon\"]}}]"}}, {"model": "admin.logentry", "pk": 74, "fields": {"action_time": "2017-07-03T07:57:05.419Z", "user": 1, "content_type": 8, "object_id": "2", "object_repr": "\u041c\u0430\u0433\u043d\u0438\u0442\u043e\u0433\u043e\u0440\u0441\u043a\u0430\u044f, 1", "action_flag": 2, "change_message": "[{\"added\": {\"object\": \"\\u0424\\u043e\\u0442\\u043e\", \"name\": \"\\u0424\\u043e\\u0442\\u043e\\u0433\\u0440\\u0430\\u0444\\u0438\\u044f\"}}, {\"added\": {\"object\": \"\\u0424\\u043e\\u0442\\u043e\", \"name\": \"\\u0424\\u043e\\u0442\\u043e\\u0433\\u0440\\u0430\\u0444\\u0438\\u044f\"}}, {\"added\": {\"object\": \"\\u0424\\u043e\\u0442\\u043e\", \"name\": \"\\u0424\\u043e\\u0442\\u043e\\u0433\\u0440\\u0430\\u0444\\u0438\\u044f\"}}, {\"added\": {\"object\": \"\\u0424\\u043e\\u0442\\u043e\", \"name\": \"\\u0424\\u043e\\u0442\\u043e\\u0433\\u0440\\u0430\\u0444\\u0438\\u044f\"}}, {\"added\": {\"object\": \"\\u0424\\u043e\\u0442\\u043e\", \"name\": \"\\u0424\\u043e\\u0442\\u043e\\u0433\\u0440\\u0430\\u0444\\u0438\\u044f\"}}, {\"added\": {\"object\": \"\\u0424\\u043e\\u0442\\u043e\", \"name\": \"\\u0424\\u043e\\u0442\\u043e\\u0433\\u0440\\u0430\\u0444\\u0438\\u044f\"}}, {\"added\": {\"object\": \"\\u0424\\u043e\\u0442\\u043e\", \"name\": \"\\u0424\\u043e\\u0442\\u043e\\u0433\\u0440\\u0430\\u0444\\u0438\\u044f\"}}, {\"added\": {\"object\": \"\\u0421\\u0443\\u0442\\u043a\\u0438\", \"name\": \"\\u0426\\u0435\\u043d\\u0430\"}}, {\"added\": {\"object\": \"\\u041d\\u0435\\u0434\\u0435\\u043b\\u044f\", \"name\": \"\\u0426\\u0435\\u043d\\u0430\"}}, {\"added\": {\"object\": \"\\u041c\\u0435\\u0441\\u044f\\u0446\", \"name\": \"\\u0426\\u0435\\u043d\\u0430\"}}, {\"changed\": {\"object\": \"\", \"fields\": [], \"name\": \"SEO (Model Instance)\"}}]"}}, {"model": "admin.logentry", "pk": 75, "fields": {"action_time": "2017-07-03T08:01:25.702Z", "user": 1, "content_type": 13, "object_id": "9", "object_repr": "\u042d\u043b\u0435\u043a\u0442\u0440\u043e\u043f\u043b\u0438\u0442\u0430", "action_flag": 1, "change_message": "[{\"added\": {}}]"}}, {"model": "admin.logentry", "pk": 76, "fields": {"action_time": "2017-07-03T08:01:31.715Z", "user": 1, "content_type": 8, "object_id": "2", "object_repr": "\u041c\u0430\u0433\u043d\u0438\u0442\u043e\u0433\u043e\u0440\u0441\u043a\u0430\u044f, 1", "action_flag": 2, "change_message": "[{\"changed\": {\"object\": \"\", \"fields\": [], \"name\": \"SEO (Model Instance)\"}}]"}}, {"model": "admin.logentry", "pk": 77, "fields": {"action_time": "2017-07-03T08:01:58.200Z", "user": 1, "content_type": 8, "object_id": "2", "object_repr": "\u041c\u0430\u0433\u043d\u0438\u0442\u043e\u0433\u043e\u0440\u0441\u043a\u0430\u044f, 1", "action_flag": 2, "change_message": "[{\"changed\": {\"fields\": [\"full_description\"]}}, {\"changed\": {\"object\": \"\", \"fields\": [], \"name\": \"SEO (Model Instance)\"}}]"}}, {"model": "admin.logentry", "pk": 78, "fields": {"action_time": "2017-07-03T08:19:30.339Z", "user": 1, "content_type": 10, "object_id": "1", "object_repr": "\u041e \u043d\u0430\u0441", "action_flag": 2, "change_message": "[{\"changed\": {\"fields\": [\"text\"]}}]"}}, {"model": "admin.logentry", "pk": 79, "fields": {"action_time": "2017-07-03T08:19:35.943Z", "user": 1, "content_type": 10, "object_id": "1", "object_repr": "\u041e \u043d\u0430\u0441", "action_flag": 2, "change_message": "[{\"changed\": {\"fields\": [\"text\"]}}]"}}, {"model": "admin.logentry", "pk": 80, "fields": {"action_time": "2017-07-03T08:29:48.687Z", "user": 1, "content_type": 8, "object_id": "1", "object_repr": "\u0425\u043e\u0442\u043a\u0435\u0432\u0438\u0447\u0430, 13", "action_flag": 2, "change_message": "[]"}}, {"model": "admin.logentry", "pk": 81, "fields": {"action_time": "2017-07-03T08:29:57.640Z", "user": 1, "content_type": 8, "object_id": "3", "object_repr": "\u0411\u0443\u0431\u043d\u043e\u0432\u0430, 10", "action_flag": 2, "change_message": "[]"}}, {"model": "admin.logentry", "pk": 82, "fields": {"action_time": "2017-07-03T08:32:15.623Z", "user": 1, "content_type": 18, "object_id": "2", "object_repr": "", "action_flag": 3, "change_message": ""}}, {"model": "admin.logentry", "pk": 83, "fields": {"action_time": "2017-07-03T08:32:23.754Z", "user": 1, "content_type": 18, "object_id": "3", "object_repr": "", "action_flag": 1, "change_message": "[{\"added\": {}}]"}}, {"model": "admin.logentry", "pk": 84, "fields": {"action_time": "2017-07-03T08:39:51.798Z", "user": 1, "content_type": 8, "object_id": "3", "object_repr": "\u0411\u0443\u0431\u043d\u043e\u0432\u0430, 10", "action_flag": 2, "change_message": "[{\"added\": {\"object\": \"/hostels/3/\", \"name\": \"SEO (Model Instance)\"}}]"}}, {"model": "admin.logentry", "pk": 85, "fields": {"action_time": "2017-07-03T08:41:01.538Z", "user": 1, "content_type": 18, "object_id": "5", "object_repr": "/news/1/", "action_flag": 1, "change_message": "[{\"added\": {}}]"}}, {"model": "admin.logentry", "pk": 86, "fields": {"action_time": "2017-07-03T08:41:19.554Z", "user": 1, "content_type": 17, "object_id": "2", "object_repr": "/qwe", "action_flag": 1, "change_message": "[{\"added\": {}}]"}}, {"model": "admin.logentry", "pk": 87, "fields": {"action_time": "2017-07-03T08:41:27.707Z", "user": 1, "content_type": 17, "object_id": "2", "object_repr": "/qwe", "action_flag": 3, "change_message": ""}}, {"model": "admin.logentry", "pk": 88, "fields": {"action_time": "2017-07-03T08:47:54.863Z", "user": 1, "content_type": 8, "object_id": "2", "object_repr": "\u041c\u0430\u0433\u043d\u0438\u0442\u043e\u0433\u043e\u0440\u0441\u043a\u0430\u044f, 1", "action_flag": 2, "change_message": "[{\"added\": {\"object\": \"/hostels/2/\", \"name\": \"SEO (Model Instance)\"}}]"}}, {"model": "admin.logentry", "pk": 89, "fields": {"action_time": "2017-07-03T09:46:20.041Z", "user": 1, "content_type": 8, "object_id": "3", "object_repr": "\u0411\u0443\u0431\u043d\u043e\u0432\u0430, 10", "action_flag": 2, "change_message": "[{\"changed\": {\"fields\": [\"full_description\"]}}, {\"added\": {\"object\": \"\\u0424\\u043e\\u0442\\u043e\", \"name\": \"\\u0424\\u043e\\u0442\\u043e\\u0433\\u0440\\u0430\\u0444\\u0438\\u044f\"}}, {\"added\": {\"object\": \"\\u0424\\u043e\\u0442\\u043e\", \"name\": \"\\u0424\\u043e\\u0442\\u043e\\u0433\\u0440\\u0430\\u0444\\u0438\\u044f\"}}, {\"added\": {\"object\": \"\\u0424\\u043e\\u0442\\u043e\", \"name\": \"\\u0424\\u043e\\u0442\\u043e\\u0433\\u0440\\u0430\\u0444\\u0438\\u044f\"}}, {\"added\": {\"object\": \"\\u0421\\u0443\\u0442\\u043a\\u0438\", \"name\": \"\\u0426\\u0435\\u043d\\u0430\"}}, {\"added\": {\"object\": \"\\u041d\\u0435\\u0434\\u0435\\u043b\\u044f\", \"name\": \"\\u0426\\u0435\\u043d\\u0430\"}}, {\"added\": {\"object\": \"\\u041c\\u0435\\u0441\\u044f\\u0446\", \"name\": \"\\u0426\\u0435\\u043d\\u0430\"}}, {\"changed\": {\"fields\": [], \"object\": \"/hostels/bubnova/\", \"name\": \"SEO (Model Instance)\"}}]"}}, {"model": "admin.logentry", "pk": 90, "fields": {"action_time": "2017-07-03T09:47:09.419Z", "user": 1, "content_type": 8, "object_id": "3", "object_repr": "\u0411\u0443\u0431\u043d\u043e\u0432\u0430, 10", "action_flag": 2, "change_message": "[{\"changed\": {\"fields\": [\"full_description\"]}}, {\"changed\": {\"fields\": [], \"object\": \"/hostels/bubnova/\", \"name\": \"SEO (Model Instance)\"}}]"}}, {"model": "admin.logentry", "pk": 91, "fields": {"action_time": "2017-07-03T09:47:24.867Z", "user": 1, "content_type": 8, "object_id": "2", "object_repr": "\u041c\u0430\u0433\u043d\u0438\u0442\u043e\u0433\u043e\u0440\u0441\u043a\u0430\u044f, 1", "action_flag": 2, "change_message": "[{\"changed\": {\"fields\": [\"full_description\"]}}, {\"changed\": {\"fields\": [], \"object\": \"/hostels/magnitogorskaya/\", \"name\": \"SEO (Model Instance)\"}}]"}}, {"model": "admin.logentry", "pk": 92, "fields": {"action_time": "2017-07-03T09:47:34.851Z", "user": 1, "content_type": 8, "object_id": "1", "object_repr": "\u0425\u043e\u0442\u043a\u0435\u0432\u0438\u0447\u0430, 13", "action_flag": 2, "change_message": "[{\"changed\": {\"fields\": [\"full_description\"]}}, {\"changed\": {\"fields\": [], \"object\": \"/hostels/hotkevicha/\", \"name\": \"SEO (Model Instance)\"}}]"}}, {"model": "admin.logentry", "pk": 93, "fields": {"action_time": "2017-07-03T09:52:52.303Z", "user": 1, "content_type": 13, "object_id": "10", "object_repr": "\u0418\u043d\u0442\u0435\u0440\u043d\u0435\u0442 (Wi-Fi)", "action_flag": 1, "change_message": "[{\"added\": {}}]"}}, {"model": "admin.logentry", "pk": 94, "fields": {"action_time": "2017-07-03T09:55:29.728Z", "user": 1, "content_type": 13, "object_id": "11", "object_repr": "\u042d\u043b\u0435\u043a\u0442\u0440\u043e\u0447\u0430\u0439\u043d\u0438\u043a", "action_flag": 1, "change_message": "[{\"added\": {}}]"}}, {"model": "admin.logentry", "pk": 95, "fields": {"action_time": "2017-07-03T09:55:35.477Z", "user": 1, "content_type": 8, "object_id": "3", "object_repr": "\u0411\u0443\u0431\u043d\u043e\u0432\u0430, 10", "action_flag": 2, "change_message": "[{\"changed\": {\"fields\": [], \"object\": \"/hostels/bubnova/\", \"name\": \"SEO (Model Instance)\"}}]"}}, {"model": "admin.logentry", "pk": 96, "fields": {"action_time": "2017-07-03T09:58:08.572Z", "user": 1, "content_type": 8, "object_id": "3", "object_repr": "\u0411\u0443\u0431\u043d\u043e\u0432\u0430, 10", "action_flag": 2, "change_message": "[{\"changed\": {\"fields\": [\"code_google_maps\"]}}, {\"changed\": {\"fields\": [], \"object\": \"/hostels/bubnova/\", \"name\": \"SEO (Model Instance)\"}}]"}}, {"model": "admin.logentry", "pk": 97, "fields": {"action_time": "2017-07-03T10:01:10.068Z", "user": 1, "content_type": 11, "object_id": "7", "object_repr": "\u0422\u0435\u0441\u0442 (None)", "action_flag": 3, "change_message": ""}}, {"model": "admin.logentry", "pk": 98, "fields": {"action_time": "2017-07-03T10:01:10.227Z", "user": 1, "content_type": 11, "object_id": "3", "object_repr": "\u0410\u043b\u0435\u043a\u0441\u0430\u043d\u0434\u0440 (\u041f\u0440\u043e\u0433\u0440\u0430\u043c\u043c\u0438\u0441\u0442)", "action_flag": 3, "change_message": ""}}, {"model": "admin.logentry", "pk": 99, "fields": {"action_time": "2017-07-03T10:01:17.035Z", "user": 1, "content_type": 11, "object_id": "2", "object_repr": "\u041f\u0435\u0442\u0440\u043e\u0432 \u0413\u0435\u043e\u0440\u0433\u0438\u0439 (\u041c\u0435\u043d\u0435\u0434\u0436\u0435\u0440 \u043f\u043e \u043f\u0440\u043e\u0434\u0430\u0436\u0430\u043c)", "action_flag": 2, "change_message": "[{\"changed\": {\"fields\": [\"is_on_main_page\"]}}]"}}, {"model": "admin.logentry", "pk": 100, "fields": {"action_time": "2017-07-03T11:48:22.595Z", "user": 1, "content_type": 7, "object_id": "1", "object_repr": "\u0414\u043e\u0431\u0440\u043e \u043f\u043e\u0436\u0430\u043b\u043e\u0432\u0430\u0442\u044c \u043d\u0430 \u043d\u0430\u0448 \u0441\u0430\u0439\u0442", "action_flag": 2, "change_message": "[{\"changed\": {\"fields\": [\"title\"]}}, {\"changed\": {\"object\": \"/news/1/\", \"fields\": [], \"name\": \"SEO (Model Instance)\"}}]"}}]